[2026-08-01T15:47:50.099Z] GET http://localhost:5173/ → 200 (12ms, 2527B)
[2026-08-01T15:47:50.119Z] GET http://localhost:5173/@vite/client → 200 (10ms, 178940B)
[2026-08-01T15:47:50.119Z] GET https://www.googletagmanager.com/gtag/js?id=G-2XLMZ0T77H → pending (?ms, ?B)
[2026-08-01T15:47:50.119Z] GET http://localhost:5173/src/main.tsx?t=1785598520686 → 200 (9ms, 1424B)
[2026-08-01T15:47:50.123Z] GET http://localhost:5173/@react-refresh → 200 (9ms, 111894B)
[2026-08-01T15:47:50.131Z] GET http://localhost:5173/node_modules/.vite/deps/react_jsx-dev-runtime.js?v=1f6a80b5 → 200 (2ms, 12375B)
[2026-08-01T15:47:50.131Z] GET http://localhost:5173/node_modules/.vite/deps/react-dom_client.js?v=1f6a80b5 → 200 (3ms, 1946B)
[2026-08-01T15:47:50.131Z] GET http://localhost:5173/src/index.css → 200 (5ms, 5005B)
[2026-08-01T15:47:50.131Z] GET http://localhost:5173/src/App.tsx?t=1785598520686 → 200 (9ms, 22984B)
[2026-08-01T15:47:50.131Z] GET http://localhost:5173/node_modules/vite/dist/client/env.mjs → 200 (11ms, 3478B)
[2026-08-01T15:47:50.134Z] GET http://localhost:5173/node_modules/.vite/deps/chunk-RY7GF66K.js?v=1f6a80b5 → 200 (1ms, 45564B)
[2026-08-01T15:47:50.134Z] GET http://localhost:5173/node_modules/.vite/deps/chunk-G3PMV62Z.js?v=1f6a80b5 → 200 (2ms, 7968B)
[2026-08-01T15:47:50.134Z] GET http://localhost:5173/node_modules/.vite/deps/chunk-A7TE6BYH.js?v=1f6a80b5 → 200 (20ms, 993650B)
[2026-08-01T15:47:50.134Z] GET http://localhost:5173/node_modules/.vite/deps/chunk-GUQHL3N7.js?v=1f6a80b5 → 200 (2ms, 11879B)
[2026-08-01T15:47:50.134Z] GET http://localhost:5173/node_modules/.vite/deps/chunk-IWOBEF4E.js?v=1f6a80b5 → 200 (18ms, 16214B)
[2026-08-01T15:47:50.141Z] GET http://localhost:5173/node_modules/.vite/deps/react.js?v=1f6a80b5 → 200 (11ms, 1024B)
[2026-08-01T15:47:50.141Z] GET http://localhost:5173/node_modules/.vite/deps/@mui_material.js?v=1f6a80b5 → 200 (46ms, ?B)
[2026-08-01T15:47:50.141Z] GET http://localhost:5173/src/components/Navbar.tsx?t=1785597970902 → 200 (14ms, 23715B)
[2026-08-01T15:47:50.141Z] GET http://localhost:5173/src/components/Hero.tsx?t=1785598520686 → 200 (15ms, 58449B)
[2026-08-01T15:47:50.141Z] GET http://localhost:5173/src/components/News.tsx?t=1785598033910 → 200 (15ms, 21865B)
[2026-08-01T15:47:50.141Z] GET http://localhost:5173/src/components/CurrentWork.tsx?t=1785597970902 → 200 (15ms, 63664B)
[2026-08-01T15:47:50.142Z] GET http://localhost:5173/src/components/Projects.tsx?t=1785598053140 → 200 (29ms, 84471B)
[2026-08-01T15:47:50.142Z] GET http://localhost:5173/src/components/Publications.tsx?t=1785598030722 → 200 (14ms, 15915B)
[2026-08-01T15:47:50.142Z] GET http://localhost:5173/src/components/Education.tsx?t=1785598350508 → 200 (21ms, 29710B)
[2026-08-01T15:47:50.142Z] GET http://localhost:5173/src/components/Skills.tsx?t=1785598032660 → 200 (21ms, 19227B)
[2026-08-01T15:47:50.142Z] GET http://localhost:5173/src/components/Experience.tsx?t=1785598029464 → 200 (30ms, 30709B)
[2026-08-01T15:47:50.142Z] GET http://localhost:5173/src/components/Footer.tsx?t=1785597970902 → 200 (29ms, 23111B)
[2026-08-01T15:47:50.164Z] GET http://localhost:5173/node_modules/.vite/deps/@mui_icons-material_Menu.js?v=1f6a80b5 → 200 (7ms, 929B)
[2026-08-01T15:47:50.164Z] GET http://localhost:5173/src/data/content.ts?t=1785597970902 → 200 (8ms, 76359B)
[2026-08-01T15:47:50.167Z] GET http://localhost:5173/node_modules/.vite/deps/@mui_icons-material_GitHub.js?v=1f6a80b5 → 200 (6ms, 1434B)
[2026-08-01T15:47:50.167Z] GET http://localhost:5173/node_modules/.vite/deps/@mui_icons-material_LinkedIn.js?v=1f6a80b5 → 200 (6ms, 1332B)
[2026-08-01T15:47:50.167Z] GET http://localhost:5173/node_modules/.vite/deps/@mui_icons-material_Code.js?v=1f6a80b5 → 200 (6ms, 964B)
[2026-08-01T15:47:50.167Z] GET http://localhost:5173/node_modules/.vite/deps/@mui_icons-material_School.js?v=1f6a80b5 → 200 (6ms, 962B)
[2026-08-01T15:47:50.167Z] GET http://localhost:5173/node_modules/.vite/deps/@mui_material_SvgIcon.js?v=1f6a80b5 → 200 (7ms, 2745B)
[2026-08-01T15:47:50.167Z] GET http://localhost:5173/node_modules/.vite/deps/@mui_icons-material_ContentCopy.js?v=1f6a80b5 → 200 (7ms, 1046B)
[2026-08-01T15:47:50.168Z] GET http://localhost:5173/node_modules/.vite/deps/@mui_icons-material_LocationOn.js?v=1f6a80b5 → 200 (7ms, 1072B)
[2026-08-01T15:47:50.169Z] GET http://localhost:5173/node_modules/.vite/deps/@mui_icons-material_Check.js?v=1f6a80b5 → 200 (6ms, 944B)
[2026-08-01T15:47:50.169Z] GET http://localhost:5173/src/components/RoutingDiagram.tsx → 200 (7ms, 43267B)
[2026-08-01T15:47:50.169Z] GET http://localhost:5173/node_modules/.vite/deps/@mui_icons-material_DescriptionOutlined.js?v=1f6a80b5 → 200 (16ms, ?B)
[2026-08-01T15:47:50.169Z] GET http://localhost:5173/node_modules/.vite/deps/@mui_icons-material_SlideshowOutlined.js?v=1f6a80b5 → 200 (16ms, ?B)
[2026-08-01T15:47:50.169Z] GET http://localhost:5173/src/components/SectionHeader.tsx → 200 (16ms, ?B)
[2026-08-01T15:47:50.169Z] GET http://localhost:5173/node_modules/.vite/deps/@mui_icons-material_Language.js?v=1f6a80b5 → 200 (8ms, 1680B)
[2026-08-01T15:47:50.169Z] GET http://localhost:5173/node_modules/.vite/deps/@mui_icons-material_MenuBook.js?v=1f6a80b5 → 200 (11ms, 1691B)
[2026-08-01T15:47:50.170Z] GET http://localhost:5173/node_modules/.vite/deps/@mui_icons-material_Image.js?v=1f6a80b5 → 200 (16ms, ?B)
[2026-08-01T15:47:50.170Z] GET http://localhost:5173/node_modules/.vite/deps/@mui_icons-material_Slideshow.js?v=1f6a80b5 → 200 (15ms, ?B)
[2026-08-01T15:47:50.170Z] GET http://localhost:5173/node_modules/.vite/deps/@mui_icons-material_AutoStories.js?v=1f6a80b5 → 200 (16ms, ?B)
[2026-08-01T15:47:50.170Z] GET http://localhost:5173/node_modules/.vite/deps/@mui_icons-material_ChevronLeft.js?v=1f6a80b5 → 200 (16ms, ?B)
[2026-08-01T15:47:50.170Z] GET http://localhost:5173/node_modules/.vite/deps/@mui_icons-material_ChevronRight.js?v=1f6a80b5 → 200 (18ms, ?B)
[2026-08-01T15:47:50.170Z] GET http://localhost:5173/src/components/SkillCovariance.tsx → 200 (18ms, ?B)
[2026-08-01T15:47:50.170Z] GET http://localhost:5173/src/components/SkillPipeline.tsx → 200 (18ms, ?B)
[2026-08-01T15:47:50.170Z] GET http://localhost:5173/node_modules/.vite/deps/@mui_icons-material_Article.js?v=1f6a80b5 → 200 (17ms, ?B)
[2026-08-01T15:47:50.170Z] GET http://localhost:5173/node_modules/.vite/deps/@mui_icons-material_OpenInNew.js?v=1f6a80b5 → 200 (18ms, ?B)
[2026-08-01T15:47:50.170Z] GET http://localhost:5173/node_modules/.vite/deps/@mui_icons-material_Web.js?v=1f6a80b5 → 200 (18ms, ?B)
[2026-08-01T15:47:50.170Z] GET http://localhost:5173/node_modules/.vite/deps/@mui_icons-material_Dns.js?v=1f6a80b5 → 200 (19ms, ?B)
[2026-08-01T15:47:50.170Z] GET http://localhost:5173/node_modules/.vite/deps/@mui_icons-material_Storage.js?v=1f6a80b5 → 200 (19ms, ?B)
[2026-08-01T15:47:50.170Z] GET http://localhost:5173/node_modules/.vite/deps/@mui_icons-material_BarChart.js?v=1f6a80b5 → 200 (19ms, ?B)
[2026-08-01T15:47:50.170Z] GET http://localhost:5173/node_modules/.vite/deps/@mui_icons-material_Psychology.js?v=1f6a80b5 → 200 (19ms, ?B)
[2026-08-01T15:47:50.170Z] GET http://localhost:5173/node_modules/.vite/deps/@mui_icons-material_SmartToy.js?v=1f6a80b5 → 200 (19ms, ?B)
[2026-08-01T15:47:50.170Z] GET http://localhost:5173/node_modules/.vite/deps/@mui_icons-material_Cloud.js?v=1f6a80b5 → 200 (19ms, ?B)
[2026-08-01T15:47:50.171Z] GET http://localhost:5173/node_modules/.vite/deps/@mui_icons-material_KeyboardArrowDown.js?v=1f6a80b5 → 200 (18ms, ?B)
[2026-08-01T15:47:50.171Z] GET http://localhost:5173/node_modules/.vite/deps/@mui_icons-material_Description.js?v=1f6a80b5 → 200 (18ms, ?B)
[2026-08-01T15:47:50.171Z] GET http://localhost:5173/node_modules/.vite/deps/@mui_icons-material_Summarize.js?v=1f6a80b5 → 200 (18ms, ?B)
[2026-08-01T15:47:50.171Z] GET http://localhost:5173/node_modules/.vite/deps/chunk-C6WWHQR7.js?v=1f6a80b5 → 200 (18ms, ?B)
[2026-08-01T15:47:50.171Z] GET http://localhost:5173/node_modules/.vite/deps/chunk-UY2RUKTB.js?v=1f6a80b5 → 200 (19ms, ?B)
[2026-08-01T15:47:50.171Z] GET http://localhost:5173/node_modules/.vite/deps/chunk-5U35SIGV.js?v=1f6a80b5 → 200 (20ms, ?B)
[2026-08-01T15:47:50.171Z] GET http://localhost:5173/node_modules/.vite/deps/chunk-EQCCHGRT.js?v=1f6a80b5 → 200 (19ms, ?B)
[2026-08-01T15:47:50.171Z] GET http://localhost:5173/node_modules/.vite/deps/chunk-GSJHEFGA.js?v=1f6a80b5 → 200 (19ms, ?B)
[2026-08-01T15:47:50.171Z] GET http://localhost:5173/node_modules/.vite/deps/chunk-7HXCKB66.js?v=1f6a80b5 → 200 (19ms, ?B)
[2026-08-01T15:47:50.172Z] GET http://localhost:5173/node_modules/.vite/deps/@mui_icons-material_KeyboardArrowUp.js?v=1f6a80b5 → 200 (18ms, ?B)
[2026-08-01T15:47:50.235Z] GET https://fonts.googleapis.com/css2?family=Space+Grotesk:wght@400;500;600;700&family=Inter:ital,opsz,wght@0,14..32,300..700;1,14..32,400&family=IBM+Plex+Mono:wght@400;500;600&display=swap → 200 (249ms, 16070B)
[2026-08-01T15:47:50.451Z] GET http://localhost:5173/images/headshot.jpg → 200 (9ms, 400549B)
[2026-08-01T15:47:50.451Z] GET http://localhost:5173/images/cambridge-logo.png → 200 (9ms, 58265B)
[2026-08-01T15:47:50.451Z] GET http://localhost:5173/images/queens-cover.png → 200 (9ms, 48864B)
[2026-08-01T15:47:50.451Z] GET http://localhost:5173/images/chia-cover.png → 200 (1ms, 8289B)
[2026-08-01T15:47:50.451Z] GET http://localhost:5173/images/trace-cover.jpeg → 200 (10ms, 33584B)
[2026-08-01T15:47:50.452Z] GET http://localhost:5173/documents/thesis/thesis-cover.svg → 200 (21ms, 9099B)
[2026-08-01T15:47:50.452Z] GET http://localhost:5173/images/tailor-cover.png → 200 (9ms, 317970B)
[2026-08-01T15:47:50.452Z] GET http://localhost:5173/images/stony-brook-logo.png → 200 (9ms, 49805B)
[2026-08-01T15:47:50.452Z] GET http://localhost:5173/images/hawaii-hilo-logo.jpg → 200 (9ms, 59669B)
[2026-08-01T15:47:50.452Z] GET http://localhost:5173/images/cert-ibm-genai.png → 200 (10ms, 176343B)
[2026-08-01T15:47:50.452Z] GET http://localhost:5173/images/cert-deeplearning-ai.png → 200 (21ms, 44291B)
[2026-08-01T15:47:50.452Z] GET http://localhost:5173/images/vivansa-logo.png → 200 (21ms, 13650B)
[2026-08-01T15:47:50.503Z] GET https://fonts.gstatic.com/s/spacegrotesk/v22/V8mDoQDjQSkFtoMM3T6r8E7mPbF4C_k3HqU.woff2 → 200 (438ms, 22320B)
[2026-08-01T15:47:50.503Z] GET https://fonts.gstatic.com/s/inter/v20/UcCo3FwrK3iLTcviYwYZ8UA3.woff2 → 200 (365ms, 73016B)
[2026-08-01T15:47:50.503Z] GET https://fonts.gstatic.com/s/ibmplexmono/v20/-F63fjptAgt5VM-kVkqdyU8n1i8q131nj-o.woff2 → 200 (365ms, 10052B)
[2026-08-01T15:47:50.503Z] GET https://fonts.gstatic.com/s/inter/v20/UcC53FwrK3iLTcvneQg7B5iqpJlhKnPCkaL5UUMbndwV.woff2 → 200 (440ms, 37544B)
[2026-08-01T15:47:50.503Z] GET https://fonts.gstatic.com/s/ibmplexmono/v20/-F6qfjptAgt5VM-kVkqdyU8n3twJwlBFgsAXHNk.woff2 → 200 (365ms, 10060B)
[2026-08-01T15:47:50.503Z] GET https://fonts.gstatic.com/s/ibmplexmono/v20/-F6qfjptAgt5VM-kVkqdyU8n3vAOwlBFgsAXHNk.woff2 → 200 (392ms, 10120B)
[2026-08-01T15:47:50.569Z] POST https://region1.google-analytics.com/g/collect?v=2&tid=G-2XLMZ0T77H&gtm=45je67t1v9247131075za200zd9247131075&_p=1785599270122&gcd=13l3l3l2l1l1&npa=1&dma_cps=a&dma=1&are=1&cid=183504548.1785599271&frm=0&ngs=1&pscdl=noapi&rcb=0&sr=1440x950&uaa=arm&uab=64&uafvl=Not%253AA-Brand%3B99.0.0.0%7CHeadlessChrome%3B145.0.7632.6%7CChromium%3B145.0.7632.6&uam=&uamb=0&uap=macOS&uapv=26.2.0&uaw=0&ul=en-us&_s=1&tag_exp=115938466~115938469~118897920~118897930~119896803&sid=1785599270&sct=1&seg=0&dl=http%3A%2F%2Flocalhost%2F&dt=Kostadin%20Devedzhiev%20%E2%80%94%20Human%E2%80%93AI%20Orchestration&en=page_view&_fv=1&_nsi=1&_ss=1&_ee=1&tfd=471 → 204 (289ms, ?B)
[2026-08-01T15:47:56.385Z] GET https://fonts.gstatic.com/s/inter/v20/UcCo3FwrK3iLTcvhYwYZ8UA3J58.woff2 → 200 (82ms, 30256B)
[2026-08-01T15:48:08.054Z] GET blob:http://localhost:5173/54a502cd-e6bf-4041-86a7-3de9628bec53 → pending (?ms, ?B)
[2026-08-01T15:48:08.140Z] GET http://localhost:5173/ → 200 (56ms, ?B)
[2026-08-01T15:48:08.218Z] POST https://region1.google-analytics.com/g/collect?v=2&tid=G-2XLMZ0T77H&gtm=45je67t1v9247131075za200zd9247131075&_p=1785599270122&gcd=13l3l3l2l1l1&npa=1&dma_cps=a&dma=1&_eu=AAAAAAQ&are=1&cid=183504548.1785599271&frm=0&ngs=1&pscdl=noapi&rcb=0&sr=1440x950&uaa=arm&uab=64&uafvl=Not%253AA-Brand%3B99.0.0.0%7CHeadlessChrome%3B145.0.7632.6%7CChromium%3B145.0.7632.6&uam=&uamb=0&uap=macOS&uapv=26.2.0&uaw=0&ul=en-us&_s=2&tag_exp=115938466~115938469~118897920~118897930~119896803&sid=1785599270&sct=1&seg=1&dl=http%3A%2F%2Flocalhost%2F&dt=Kostadin%20Devedzhiev%20%E2%80%94%20Human%E2%80%93AI%20Orchestration&en=user_engagement&_et=17630&tfd=18110 → pending (?ms, ?B)
[2026-08-01T15:48:08.869Z] GET http://localhost:5173/@vite/client → 200 (18ms, ?B)
[2026-08-01T15:48:08.869Z] GET https://www.googletagmanager.com/gtag/js?id=G-2XLMZ0T77H → 200 (?ms, ?B)
[2026-08-01T15:48:08.872Z] GET http://localhost:5173/src/main.tsx?t=1785598520686 → 200 (22ms, ?B)
[2026-08-01T15:48:08.882Z] GET http://localhost:5173/@react-refresh → 200 (210ms, ?B)
[2026-08-01T15:48:08.887Z] POST https://region1.google-analytics.com/g/collect?v=2&tid=G-2XLMZ0T77H&gtm=45je67t1v9247131075za200zd9247131075&_p=1785599288239&gcd=13l3l3l2l1l1&npa=1&dma_cps=a&dma=1&_eu=AAAAAAQ&are=1&cid=183504548.1785599271&frm=0&ngs=1&pscdl=noapi&rcb=6&sr=1440x950&uaa=arm&uab=64&uafvl=Not%253AA-Brand%3B99.0.0.0%7CHeadlessChrome%3B145.0.7632.6%7CChromium%3B145.0.7632.6&uam=&uamb=0&uap=macOS&uapv=26.2.0&uaw=0&ul=en-us&_s=1&tag_exp=115938466~115938468~118897920~118897930~119527019~119896802&sid=1785599270&sct=1&seg=1&dl=http%3A%2F%2Flocalhost%2F&dr=http%3A%2F%2Flocalhost%3A5173%2F&dt=Kostadin%20Devedzhiev%20%E2%80%94%20Human%E2%80%93AI%20Orchestration&en=page_view&_ee=1&tfd=153 → pending (?ms, ?B)
[2026-08-01T15:48:08.893Z] GET http://localhost:5173/node_modules/vite/dist/client/env.mjs → 200 (1ms, ?B)
[2026-08-01T15:48:08.900Z] GET http://localhost:5173/node_modules/.vite/deps/react_jsx-dev-runtime.js?v=1f6a80b5 → 200 (?ms, ?B)
[2026-08-01T15:48:08.901Z] GET http://localhost:5173/node_modules/.vite/deps/react-dom_client.js?v=1f6a80b5 → 200 (?ms, ?B)
[2026-08-01T15:48:08.904Z] GET http://localhost:5173/src/index.css → 200 (206ms, ?B)
[2026-08-01T15:48:08.953Z] GET http://localhost:5173/src/App.tsx?t=1785598520686 → 200 (159ms, ?B)
[2026-08-01T15:48:08.953Z] GET http://localhost:5173/node_modules/.vite/deps/chunk-RY7GF66K.js?v=1f6a80b5 → 200 (7ms, ?B)
[2026-08-01T15:48:08.960Z] GET http://localhost:5173/node_modules/.vite/deps/chunk-G3PMV62Z.js?v=1f6a80b5 → 200 (?ms, ?B)
[2026-08-01T15:48:09.069Z] GET http://localhost:5173/node_modules/.vite/deps/chunk-A7TE6BYH.js?v=1f6a80b5 → 200 (?ms, ?B)
[2026-08-01T15:48:09.070Z] GET http://localhost:5173/node_modules/.vite/deps/chunk-GUQHL3N7.js?v=1f6a80b5 → 200 (1ms, ?B)
[2026-08-01T15:48:09.072Z] GET http://localhost:5173/node_modules/.vite/deps/chunk-IWOBEF4E.js?v=1f6a80b5 → 200 (18ms, ?B)
[2026-08-01T15:48:09.114Z] GET http://localhost:5173/node_modules/.vite/deps/react.js?v=1f6a80b5 → 200 (3ms, ?B)
[2026-08-01T15:48:09.117Z] GET http://localhost:5173/node_modules/.vite/deps/@mui_material.js?v=1f6a80b5 → 200 (?ms, ?B)
[2026-08-01T15:48:09.120Z] GET http://localhost:5173/src/components/Navbar.tsx?t=1785597970902 → pending (?ms, ?B)
[2026-08-01T15:48:09.121Z] GET http://localhost:5173/src/components/Hero.tsx?t=1785598520686 → pending (?ms, ?B)
[2026-08-01T15:48:09.260Z] GET http://localhost:5173/src/components/News.tsx?t=1785598033910 → pending (?ms, ?B)
[2026-08-01T15:48:09.260Z] GET http://localhost:5173/src/components/CurrentWork.tsx?t=1785597970902 → pending (?ms, ?B)
[2026-08-01T15:48:09.260Z] GET http://localhost:5173/src/components/Projects.tsx?t=1785598053140 → pending (?ms, ?B)
[2026-08-01T15:48:09.260Z] GET http://localhost:5173/src/components/Publications.tsx?t=1785598030722 → pending (?ms, ?B)
[2026-08-01T15:48:09.260Z] GET http://localhost:5173/src/components/Education.tsx?t=1785598350508 → pending (?ms, ?B)
[2026-08-01T15:48:09.260Z] GET http://localhost:5173/src/components/Skills.tsx?t=1785598032660 → pending (?ms, ?B)
[2026-08-01T15:48:09.260Z] GET http://localhost:5173/src/components/Experience.tsx?t=1785598029464 → pending (?ms, ?B)
[2026-08-01T15:48:09.554Z] GET http://localhost:5173/src/components/Footer.tsx?t=1785597970902 → 200 (49ms, 23111B)
[2026-08-01T15:48:09.554Z] GET http://localhost:5173/node_modules/.vite/deps/chunk-UY2RUKTB.js?v=1f6a80b5 → 200 (?ms, 13129B)
[2026-08-01T15:48:09.554Z] GET http://localhost:5173/node_modules/.vite/deps/chunk-5U35SIGV.js?v=1f6a80b5 → 200 (?ms, 335110B)
[2026-08-01T15:48:09.555Z] GET http://localhost:5173/node_modules/.vite/deps/chunk-EQCCHGRT.js?v=1f6a80b5 → 200 (1ms, 425B)
[2026-08-01T15:48:09.556Z] GET http://localhost:5173/node_modules/.vite/deps/chunk-GSJHEFGA.js?v=1f6a80b5 → 200 (?ms, 33795B)
[2026-08-01T15:48:09.556Z] GET http://localhost:5173/node_modules/.vite/deps/chunk-7HXCKB66.js?v=1f6a80b5 → 200 (1ms, 12731B)
[2026-08-01T15:48:09.566Z] GET http://localhost:5173/node_modules/.vite/deps/@mui_icons-material_Menu.js?v=1f6a80b5 → 200 (?ms, 929B)
[2026-08-01T15:48:09.567Z] GET http://localhost:5173/src/data/content.ts?t=1785597970902 → 200 (39ms, 76359B)
[2026-08-01T15:48:09.568Z] GET http://localhost:5173/node_modules/.vite/deps/chunk-C6WWHQR7.js?v=1f6a80b5 → 200 (?ms, 191B)
[2026-08-01T15:48:09.574Z] GET http://localhost:5173/node_modules/.vite/deps/@mui_icons-material_GitHub.js?v=1f6a80b5 → 200 (?ms, 1434B)
[2026-08-01T15:48:09.575Z] GET http://localhost:5173/node_modules/.vite/deps/@mui_icons-material_LinkedIn.js?v=1f6a80b5 → 200 (?ms, 1332B)
[2026-08-01T15:48:09.576Z] GET http://localhost:5173/node_modules/.vite/deps/@mui_icons-material_Code.js?v=1f6a80b5 → 200 (?ms, 964B)
[2026-08-01T15:48:09.576Z] GET http://localhost:5173/node_modules/.vite/deps/@mui_icons-material_School.js?v=1f6a80b5 → 200 (?ms, 962B)
[2026-08-01T15:48:09.576Z] GET http://localhost:5173/node_modules/.vite/deps/@mui_material_SvgIcon.js?v=1f6a80b5 → 200 (2ms, 2745B)
[2026-08-01T15:48:09.579Z] GET http://localhost:5173/node_modules/.vite/deps/@mui_icons-material_ContentCopy.js?v=1f6a80b5 → 200 (?ms, 1046B)
[2026-08-01T15:48:09.579Z] GET http://localhost:5173/node_modules/.vite/deps/@mui_icons-material_LocationOn.js?v=1f6a80b5 → 200 (?ms, 1072B)
[2026-08-01T15:48:09.582Z] GET http://localhost:5173/node_modules/.vite/deps/@mui_icons-material_Check.js?v=1f6a80b5 → 200 (?ms, 944B)
[2026-08-01T15:48:09.582Z] GET http://localhost:5173/src/components/RoutingDiagram.tsx → 200 (24ms, 43267B)
[2026-08-01T15:48:09.585Z] GET http://localhost:5173/node_modules/.vite/deps/@mui_icons-material_DescriptionOutlined.js?v=1f6a80b5 → 200 (?ms, 1069B)
[2026-08-01T15:48:09.585Z] GET http://localhost:5173/node_modules/.vite/deps/@mui_icons-material_SlideshowOutlined.js?v=1f6a80b5 → 200 (?ms, 1054B)
[2026-08-01T15:48:09.585Z] GET http://localhost:5173/src/components/SectionHeader.tsx → 200 (33ms, 7675B)
[2026-08-01T15:48:09.587Z] GET http://localhost:5173/node_modules/.vite/deps/@mui_icons-material_OpenInNew.js?v=1f6a80b5 → 200 (?ms, 1040B)
[2026-08-01T15:48:09.587Z] GET http://localhost:5173/node_modules/.vite/deps/@mui_icons-material_Web.js?v=1f6a80b5 → 200 (?ms, 1006B)
[2026-08-01T15:48:09.587Z] GET http://localhost:5173/node_modules/.vite/deps/@mui_icons-material_Dns.js?v=1f6a80b5 → 200 (1ms, 1138B)
[2026-08-01T15:48:09.588Z] GET http://localhost:5173/node_modules/.vite/deps/@mui_icons-material_Storage.js?v=1f6a80b5 → 200 (?ms, 978B)
[2026-08-01T15:48:09.588Z] GET http://localhost:5173/node_modules/.vite/deps/@mui_icons-material_BarChart.js?v=1f6a80b5 → 200 (?ms, 949B)
[2026-08-01T15:48:09.588Z] GET http://localhost:5173/node_modules/.vite/deps/@mui_icons-material_Psychology.js?v=1f6a80b5 → 200 (?ms, 1751B)
[2026-08-01T15:48:09.588Z] GET http://localhost:5173/node_modules/.vite/deps/@mui_icons-material_SmartToy.js?v=1f6a80b5 → 200 (?ms, 1243B)
[2026-08-01T15:48:09.588Z] GET http://localhost:5173/node_modules/.vite/deps/@mui_icons-material_Cloud.js?v=1f6a80b5 → 200 (1ms, 1046B)
[2026-08-01T15:48:09.589Z] GET http://localhost:5173/node_modules/.vite/deps/@mui_icons-material_Language.js?v=1f6a80b5 → 200 (1ms, 1680B)
[2026-08-01T15:48:09.590Z] GET http://localhost:5173/node_modules/.vite/deps/@mui_icons-material_MenuBook.js?v=1f6a80b5 → 200 (?ms, 1691B)
[2026-08-01T15:48:09.590Z] GET http://localhost:5173/node_modules/.vite/deps/@mui_icons-material_Image.js?v=1f6a80b5 → 200 (1ms, 1006B)
[2026-08-01T15:48:09.592Z] GET http://localhost:5173/node_modules/.vite/deps/@mui_icons-material_Slideshow.js?v=1f6a80b5 → 200 (?ms, 1014B)
[2026-08-01T15:48:09.592Z] GET http://localhost:5173/node_modules/.vite/deps/@mui_icons-material_AutoStories.js?v=1f6a80b5 → 200 (?ms, 1244B)
[2026-08-01T15:48:09.592Z] GET http://localhost:5173/node_modules/.vite/deps/@mui_icons-material_ChevronLeft.js?v=1f6a80b5 → 200 (8ms, 970B)
[2026-08-01T15:48:09.600Z] GET http://localhost:5173/node_modules/.vite/deps/@mui_icons-material_ChevronRight.js?v=1f6a80b5 → 200 (?ms, 976B)
[2026-08-01T15:48:09.600Z] GET http://localhost:5173/src/components/SkillCovariance.tsx → 200 (18ms, 26351B)
[2026-08-01T15:48:09.600Z] GET http://localhost:5173/src/components/SkillPipeline.tsx → 200 (11ms, 42250B)
[2026-08-01T15:48:09.603Z] GET http://localhost:5173/node_modules/.vite/deps/@mui_icons-material_KeyboardArrowUp.js?v=1f6a80b5 → 200 (?ms, 991B)
[2026-08-01T15:48:09.607Z] GET http://localhost:5173/node_modules/.vite/deps/@mui_icons-material_KeyboardArrowDown.js?v=1f6a80b5 → 200 (?ms, 1000B)
[2026-08-01T15:48:09.607Z] GET http://localhost:5173/node_modules/.vite/deps/@mui_icons-material_Description.js?v=1f6a80b5 → 200 (?ms, 1039B)
[2026-08-01T15:48:09.607Z] GET http://localhost:5173/node_modules/.vite/deps/@mui_icons-material_Article.js?v=1f6a80b5 → 200 (3ms, 1019B)
[2026-08-01T15:48:09.610Z] GET http://localhost:5173/node_modules/.vite/deps/@mui_icons-material_Summarize.js?v=1f6a80b5 → 200 (?ms, 1158B)
[2026-08-01T15:48:09.645Z] GET https://fonts.googleapis.com/css2?family=Space+Grotesk:wght@400;500;600;700&family=Inter:ital,opsz,wght@0,14..32,300..700;1,14..32,400&family=IBM+Plex+Mono:wght@400;500;600&display=swap → 200 (1ms, 16070B)
[2026-08-01T15:48:09.646Z] GET https://fonts.gstatic.com/s/ibmplexmono/v20/-F63fjptAgt5VM-kVkqdyU8n1i8q131nj-o.woff2 → 200 (9ms, ?B)
[2026-08-01T15:48:09.656Z] GET https://fonts.gstatic.com/s/ibmplexmono/v20/-F6qfjptAgt5VM-kVkqdyU8n3twJwlBFgsAXHNk.woff2 → 200 (?ms, ?B)
[2026-08-01T15:48:09.656Z] GET https://fonts.gstatic.com/s/ibmplexmono/v20/-F6qfjptAgt5VM-kVkqdyU8n3vAOwlBFgsAXHNk.woff2 → 200 (2ms, ?B)
[2026-08-01T15:48:09.658Z] GET https://fonts.gstatic.com/s/inter/v20/UcC53FwrK3iLTcvneQg7B5iqpJlhKnPCkaL5UUMbndwV.woff2 → 200 (?ms, ?B)
[2026-08-01T15:48:09.659Z] GET https://fonts.gstatic.com/s/inter/v20/UcCo3FwrK3iLTcvhYwYZ8UA3J58.woff2 → 200 (?ms, ?B)
[2026-08-01T15:48:09.659Z] GET https://fonts.gstatic.com/s/inter/v20/UcCo3FwrK3iLTcviYwYZ8UA3.woff2 → 200 (?ms, ?B)
[2026-08-01T15:48:09.659Z] GET https://fonts.gstatic.com/s/spacegrotesk/v22/V8mDoQDjQSkFtoMM3T6r8E7mPbF4C_k3HqU.woff2 → 200 (?ms, ?B)
[2026-08-01T15:48:09.660Z] GET http://localhost:5173/images/headshot.jpg → 304 (2ms, ?B)
[2026-08-01T15:48:09.661Z] GET http://localhost:5173/images/cambridge-logo.png → 304 (1ms, ?B)
[2026-08-01T15:48:09.661Z] GET http://localhost:5173/images/queens-cover.png → 304 (1ms, ?B)
[2026-08-01T15:48:09.662Z] GET http://localhost:5173/images/chia-cover.png → 304 (1ms, ?B)
[2026-08-01T15:48:09.662Z] GET http://localhost:5173/images/trace-cover.jpeg → 304 (1ms, ?B)
[2026-08-01T15:48:09.662Z] GET http://localhost:5173/documents/thesis/thesis-cover.svg → 304 (1ms, ?B)
[2026-08-01T15:48:09.662Z] GET http://localhost:5173/images/tailor-cover.png → 304 (1ms, ?B)
[2026-08-01T15:48:09.662Z] GET http://localhost:5173/images/stony-brook-logo.png → 304 (1ms, ?B)
[2026-08-01T15:48:09.662Z] GET http://localhost:5173/images/hawaii-hilo-logo.jpg → 304 (2ms, ?B)
[2026-08-01T15:48:09.662Z] GET http://localhost:5173/images/cert-ibm-genai.png → 304 (3ms, ?B)
[2026-08-01T15:48:09.662Z] GET http://localhost:5173/images/cert-deeplearning-ai.png → 304 (3ms, ?B)
[2026-08-01T15:48:09.662Z] GET http://localhost:5173/images/vivansa-logo.png → 304 (3ms, ?B)
[2026-08-01T15:48:13.278Z] POST https://region1.google-analytics.com/g/collect?v=2&tid=G-2XLMZ0T77H&gtm=45je67t1v9247131075za200zd9247131075&_p=1785599288239&gcd=13l3l3l2l1l1&npa=1&dma_cps=a&dma=1&_eu=AEAAAAQ&ae=a&are=1&cid=183504548.1785599271&frm=0&ngs=1&pscdl=noapi&rcb=6&sr=1440x950&uaa=arm&uab=64&uafvl=Not%253AA-Brand%3B99.0.0.0%7CHeadlessChrome%3B145.0.7632.6%7CChromium%3B145.0.7632.6&uam=&uamb=0&uap=macOS&uapv=26.2.0&uaw=0&ul=en-us&_s=2&tag_exp=115938466~115938468~118897920~118897930~119527019~119896802&sid=1785599270&sct=1&seg=1&dl=http%3A%2F%2Flocalhost%2F&dr=http%3A%2F%2Flocalhost%3A5173%2F&dt=Kostadin%20Devedzhiev%20%E2%80%94%20Human%E2%80%93AI%20Orchestration&en=scroll&epn.percent_scrolled=90&_et=3&tfd=5156 → 204 (204ms, ?B)
[2026-08-01T15:52:59.646Z] GET http://localhost:5173/documents/thesis/thesis-cover.svg → 200 (53ms, 9099B)
[2026-08-01T15:54:45.677Z] GET http://localhost:5173/src/components/SkillPipeline.tsx?t=1785599685659 → 200 (99ms, 46516B)
[2026-08-01T15:55:20.013Z] GET http://localhost:5173/src/components/SkillCovariance.tsx?t=1785599720007 → 200 (26ms, 26601B)
[2026-08-01T15:55:46.462Z] GET http://localhost:5173/ → 200 (31ms, 2527B)
[2026-08-01T15:55:46.525Z] POST https://region1.google-analytics.com/g/collect?v=2&tid=G-2XLMZ0T77H&gtm=45je67t1v9247131075za200zd9247131075&_p=1785599288239&gcd=13l3l3l2l1l1&npa=1&dma_cps=a&dma=1&_eu=AAAAAAQ&are=1&cid=183504548.1785599271&frm=0&ngs=1&pscdl=noapi&rcb=6&sr=1440x950&uaa=arm&uab=64&uafvl=Not%253AA-Brand%3B99.0.0.0%7CHeadlessChrome%3B145.0.7632.6%7CChromium%3B145.0.7632.6&uam=&uamb=0&uap=macOS&uapv=26.2.0&uaw=0&ul=en-us&_s=3&tag_exp=115938466~115938468~118897920~118897930~119527019~119896802&sid=1785599270&sct=1&seg=1&dl=http%3A%2F%2Flocalhost%2F&dr=http%3A%2F%2Flocalhost%3A5173%2F&dt=Kostadin%20Devedzhiev%20%E2%80%94%20Human%E2%80%93AI%20Orchestration&en=user_engagement&_et=458227&tfd=280278 → pending (?ms, ?B)
[2026-08-01T15:55:46.538Z] GET http://localhost:5173/@vite/client → 200 (1ms, 178940B)
[2026-08-01T15:55:46.538Z] GET https://www.googletagmanager.com/gtag/js?id=G-2XLMZ0T77H → 200 (?ms, 489349B)
[2026-08-01T15:55:46.539Z] GET http://localhost:5173/src/main.tsx?t=1785599720007 → 200 (?ms, 1424B)
[2026-08-01T15:55:46.541Z] GET http://localhost:5173/@react-refresh → 200 (7ms, 111894B)
[2026-08-01T15:55:46.541Z] GET http://localhost:5173/node_modules/vite/dist/client/env.mjs → 200 (7ms, 3478B)
[2026-08-01T15:55:46.546Z] GET http://localhost:5173/node_modules/.vite/deps/react_jsx-dev-runtime.js?v=1f6a80b5 → 200 (?ms, 12375B)
[2026-08-01T15:55:46.546Z] GET http://localhost:5173/node_modules/.vite/deps/react-dom_client.js?v=1f6a80b5 → 200 (?ms, 1946B)
[2026-08-01T15:55:46.546Z] GET http://localhost:5173/src/index.css → 200 (4ms, 5005B)
[2026-08-01T15:55:46.546Z] GET http://localhost:5173/src/App.tsx?t=1785599720007 → 200 (4ms, 22984B)
[2026-08-01T15:55:46.549Z] GET http://localhost:5173/node_modules/.vite/deps/chunk-RY7GF66K.js?v=1f6a80b5 → 200 (?ms, 45564B)
[2026-08-01T15:55:46.549Z] GET http://localhost:5173/node_modules/.vite/deps/chunk-G3PMV62Z.js?v=1f6a80b5 → 200 (?ms, 7968B)
[2026-08-01T15:55:46.549Z] GET http://localhost:5173/node_modules/.vite/deps/chunk-A7TE6BYH.js?v=1f6a80b5 → 200 (?ms, 993650B)
[2026-08-01T15:55:46.549Z] GET http://localhost:5173/node_modules/.vite/deps/chunk-GUQHL3N7.js?v=1f6a80b5 → 200 (?ms, 11879B)
[2026-08-01T15:55:46.549Z] GET http://localhost:5173/node_modules/.vite/deps/chunk-IWOBEF4E.js?v=1f6a80b5 → 200 (?ms, 16214B)
[2026-08-01T15:55:46.550Z] GET http://localhost:5173/node_modules/.vite/deps/react.js?v=1f6a80b5 → 200 (?ms, 1024B)
[2026-08-01T15:55:46.550Z] GET http://localhost:5173/node_modules/.vite/deps/@mui_material.js?v=1f6a80b5 → 200 (?ms, 1529410B)
[2026-08-01T15:55:46.551Z] GET http://localhost:5173/src/components/Navbar.tsx?t=1785597970902 → 200 (34ms, 23715B)
[2026-08-01T15:55:46.551Z] GET http://localhost:5173/src/components/Hero.tsx?t=1785598520686 → 200 (35ms, 58449B)
[2026-08-01T15:55:46.551Z] GET http://localhost:5173/src/components/News.tsx?t=1785598033910 → 200 (35ms, 21865B)
[2026-08-01T15:55:46.551Z] GET http://localhost:5173/src/components/CurrentWork.tsx?t=1785599720007 → 200 (35ms, 63696B)
[2026-08-01T15:55:46.551Z] GET http://localhost:5173/src/components/Projects.tsx?t=1785598053140 → 200 (35ms, 84471B)
[2026-08-01T15:55:46.551Z] GET http://localhost:5173/src/components/Publications.tsx?t=1785598030722 → 200 (35ms, 15915B)
[2026-08-01T15:55:46.554Z] GET http://localhost:5173/src/components/Education.tsx?t=1785598350508 → 200 (32ms, 29710B)
[2026-08-01T15:55:46.554Z] GET http://localhost:5173/src/components/Skills.tsx?t=1785598032660 → 200 (32ms, 19227B)
[2026-08-01T15:55:46.554Z] GET http://localhost:5173/src/components/Experience.tsx?t=1785598029464 → 200 (32ms, 30709B)
[2026-08-01T15:55:46.554Z] GET http://localhost:5173/src/components/Footer.tsx?t=1785597970902 → 200 (33ms, 23111B)
[2026-08-01T15:55:46.554Z] GET http://localhost:5173/node_modules/.vite/deps/chunk-UY2RUKTB.js?v=1f6a80b5 → 200 (?ms, 13129B)
[2026-08-01T15:55:46.555Z] GET http://localhost:5173/node_modules/.vite/deps/chunk-5U35SIGV.js?v=1f6a80b5 → 200 (?ms, 335110B)
[2026-08-01T15:55:46.555Z] GET http://localhost:5173/node_modules/.vite/deps/chunk-EQCCHGRT.js?v=1f6a80b5 → 200 (?ms, 425B)
[2026-08-01T15:55:46.555Z] GET http://localhost:5173/node_modules/.vite/deps/chunk-GSJHEFGA.js?v=1f6a80b5 → 200 (?ms, 33795B)
[2026-08-01T15:55:46.555Z] GET http://localhost:5173/node_modules/.vite/deps/chunk-7HXCKB66.js?v=1f6a80b5 → 200 (?ms, 12731B)
[2026-08-01T15:55:46.611Z] GET http://localhost:5173/node_modules/.vite/deps/@mui_icons-material_Menu.js?v=1f6a80b5 → 200 (?ms, 929B)
[2026-08-01T15:55:46.611Z] GET http://localhost:5173/src/data/content.ts?t=1785597970902 → 200 (5ms, 76359B)
[2026-08-01T15:55:46.611Z] GET http://localhost:5173/node_modules/.vite/deps/@mui_icons-material_GitHub.js?v=1f6a80b5 → 200 (1ms, 1434B)
[2026-08-01T15:55:46.612Z] GET http://localhost:5173/node_modules/.vite/deps/@mui_icons-material_LinkedIn.js?v=1f6a80b5 → 200 (?ms, 1332B)
[2026-08-01T15:55:46.612Z] GET http://localhost:5173/node_modules/.vite/deps/@mui_icons-material_Code.js?v=1f6a80b5 → 200 (?ms, 964B)
[2026-08-01T15:55:46.612Z] GET http://localhost:5173/node_modules/.vite/deps/@mui_icons-material_School.js?v=1f6a80b5 → 200 (?ms, 962B)
[2026-08-01T15:55:46.612Z] GET http://localhost:5173/node_modules/.vite/deps/@mui_material_SvgIcon.js?v=1f6a80b5 → 200 (?ms, 2745B)
[2026-08-01T15:55:46.612Z] GET http://localhost:5173/node_modules/.vite/deps/@mui_icons-material_ContentCopy.js?v=1f6a80b5 → 200 (?ms, 1046B)
[2026-08-01T15:55:46.612Z] GET http://localhost:5173/node_modules/.vite/deps/@mui_icons-material_LocationOn.js?v=1f6a80b5 → 200 (?ms, 1072B)
[2026-08-01T15:55:46.612Z] GET http://localhost:5173/node_modules/.vite/deps/@mui_icons-material_Check.js?v=1f6a80b5 → 200 (?ms, 944B)
[2026-08-01T15:55:46.612Z] GET http://localhost:5173/src/components/RoutingDiagram.tsx → 200 (4ms, 43267B)
[2026-08-01T15:55:46.612Z] GET http://localhost:5173/node_modules/.vite/deps/@mui_icons-material_Language.js?v=1f6a80b5 → 200 (?ms, 1680B)
[2026-08-01T15:55:46.612Z] GET http://localhost:5173/node_modules/.vite/deps/@mui_icons-material_MenuBook.js?v=1f6a80b5 → 200 (1ms, 1691B)
[2026-08-01T15:55:46.613Z] GET http://localhost:5173/node_modules/.vite/deps/@mui_icons-material_Image.js?v=1f6a80b5 → 200 (?ms, 1006B)
[2026-08-01T15:55:46.613Z] GET http://localhost:5173/node_modules/.vite/deps/@mui_icons-material_Slideshow.js?v=1f6a80b5 → 200 (?ms, 1014B)
[2026-08-01T15:55:46.613Z] GET http://localhost:5173/node_modules/.vite/deps/@mui_icons-material_AutoStories.js?v=1f6a80b5 → 200 (?ms, 1244B)
[2026-08-01T15:55:46.613Z] GET http://localhost:5173/node_modules/.vite/deps/@mui_icons-material_ChevronLeft.js?v=1f6a80b5 → 200 (?ms, 970B)
[2026-08-01T15:55:46.613Z] GET http://localhost:5173/node_modules/.vite/deps/@mui_icons-material_ChevronRight.js?v=1f6a80b5 → 200 (?ms, 976B)
[2026-08-01T15:55:46.613Z] GET http://localhost:5173/src/components/SectionHeader.tsx → 200 (4ms, 7675B)
[2026-08-01T15:55:46.613Z] GET http://localhost:5173/src/components/SkillCovariance.tsx?t=1785599720007 → 200 (4ms, 26601B)
[2026-08-01T15:55:46.613Z] GET http://localhost:5173/src/components/SkillPipeline.tsx?t=1785599685659 → 200 (4ms, 46516B)
[2026-08-01T15:55:46.613Z] GET http://localhost:5173/node_modules/.vite/deps/@mui_icons-material_OpenInNew.js?v=1f6a80b5 → 200 (?ms, 1040B)
[2026-08-01T15:55:46.614Z] GET http://localhost:5173/node_modules/.vite/deps/@mui_icons-material_DescriptionOutlined.js?v=1f6a80b5 → 200 (?ms, 1069B)
[2026-08-01T15:55:46.614Z] GET http://localhost:5173/node_modules/.vite/deps/@mui_icons-material_SlideshowOutlined.js?v=1f6a80b5 → 200 (?ms, 1054B)
[2026-08-01T15:55:46.614Z] GET http://localhost:5173/node_modules/.vite/deps/@mui_icons-material_Article.js?v=1f6a80b5 → 200 (?ms, 1019B)
[2026-08-01T15:55:46.614Z] GET http://localhost:5173/node_modules/.vite/deps/@mui_icons-material_Web.js?v=1f6a80b5 → 200 (?ms, 1006B)
[2026-08-01T15:55:46.614Z] GET http://localhost:5173/node_modules/.vite/deps/@mui_icons-material_Dns.js?v=1f6a80b5 → 200 (?ms, 1138B)
[2026-08-01T15:55:46.614Z] GET http://localhost:5173/node_modules/.vite/deps/@mui_icons-material_Storage.js?v=1f6a80b5 → 200 (?ms, 978B)
[2026-08-01T15:55:46.614Z] GET http://localhost:5173/node_modules/.vite/deps/@mui_icons-material_BarChart.js?v=1f6a80b5 → 200 (?ms, 949B)
[2026-08-01T15:55:46.614Z] GET http://localhost:5173/node_modules/.vite/deps/@mui_icons-material_Psychology.js?v=1f6a80b5 → 200 (?ms, 1751B)
[2026-08-01T15:55:46.614Z] GET http://localhost:5173/node_modules/.vite/deps/@mui_icons-material_SmartToy.js?v=1f6a80b5 → 200 (?ms, 1243B)
[2026-08-01T15:55:46.615Z] GET http://localhost:5173/node_modules/.vite/deps/@mui_icons-material_Cloud.js?v=1f6a80b5 → 200 (?ms, 1046B)
[2026-08-01T15:55:46.615Z] GET http://localhost:5173/node_modules/.vite/deps/@mui_icons-material_KeyboardArrowDown.js?v=1f6a80b5 → 200 (?ms, 1000B)
[2026-08-01T15:55:46.615Z] GET http://localhost:5173/node_modules/.vite/deps/@mui_icons-material_Description.js?v=1f6a80b5 → 200 (?ms, 1039B)
[2026-08-01T15:55:46.615Z] GET http://localhost:5173/node_modules/.vite/deps/@mui_icons-material_Summarize.js?v=1f6a80b5 → 200 (?ms, 1158B)
[2026-08-01T15:55:46.615Z] GET http://localhost:5173/node_modules/.vite/deps/@mui_icons-material_KeyboardArrowUp.js?v=1f6a80b5 → 200 (?ms, 991B)
[2026-08-01T15:55:46.616Z] GET http://localhost:5173/node_modules/.vite/deps/chunk-C6WWHQR7.js?v=1f6a80b5 → 200 (?ms, 191B)
[2026-08-01T15:55:46.641Z] GET https://fonts.googleapis.com/css2?family=Space+Grotesk:wght@400;500;600;700&family=Inter:ital,opsz,wght@0,14..32,300..700;1,14..32,400&family=IBM+Plex+Mono:wght@400;500;600&display=swap → 200 (1ms, 16070B)
[2026-08-01T15:55:46.642Z] GET https://fonts.gstatic.com/s/ibmplexmono/v20/-F63fjptAgt5VM-kVkqdyU8n1i8q131nj-o.woff2 → 200 (1ms, ?B)
[2026-08-01T15:55:46.643Z] GET https://fonts.gstatic.com/s/ibmplexmono/v20/-F6qfjptAgt5VM-kVkqdyU8n3twJwlBFgsAXHNk.woff2 → 200 (?ms, ?B)
[2026-08-01T15:55:46.643Z] GET https://fonts.gstatic.com/s/ibmplexmono/v20/-F6qfjptAgt5VM-kVkqdyU8n3vAOwlBFgsAXHNk.woff2 → 200 (?ms, ?B)
[2026-08-01T15:55:46.643Z] GET https://fonts.gstatic.com/s/inter/v20/UcC53FwrK3iLTcvneQg7B5iqpJlhKnPCkaL5UUMbndwV.woff2 → 200 (?ms, ?B)
[2026-08-01T15:55:46.643Z] GET https://fonts.gstatic.com/s/inter/v20/UcCo3FwrK3iLTcvhYwYZ8UA3J58.woff2 → 200 (?ms, ?B)
[2026-08-01T15:55:46.643Z] GET https://fonts.gstatic.com/s/inter/v20/UcCo3FwrK3iLTcviYwYZ8UA3.woff2 → 200 (?ms, ?B)
[2026-08-01T15:55:46.644Z] GET https://fonts.gstatic.com/s/spacegrotesk/v22/V8mDoQDjQSkFtoMM3T6r8E7mPbF4C_k3HqU.woff2 → 200 (?ms, ?B)
[2026-08-01T15:55:46.852Z] GET http://localhost:5173/images/headshot.jpg → 304 (1ms, ?B)
[2026-08-01T15:55:46.852Z] GET http://localhost:5173/images/cambridge-logo.png → 304 (1ms, ?B)
[2026-08-01T15:55:46.852Z] GET http://localhost:5173/images/queens-cover.png → 304 (1ms, ?B)
[2026-08-01T15:55:46.852Z] GET http://localhost:5173/images/chia-cover.png → 304 (1ms, ?B)
[2026-08-01T15:55:46.852Z] GET http://localhost:5173/images/trace-cover.jpeg → 304 (1ms, ?B)
[2026-08-01T15:55:46.852Z] GET http://localhost:5173/documents/thesis/thesis-cover.svg → 304 (1ms, ?B)
[2026-08-01T15:55:46.852Z] GET http://localhost:5173/images/tailor-cover.png → 304 (1ms, ?B)
[2026-08-01T15:55:46.852Z] GET http://localhost:5173/images/stony-brook-logo.png → 304 (1ms, ?B)
[2026-08-01T15:55:46.852Z] GET http://localhost:5173/images/hawaii-hilo-logo.jpg → 304 (1ms, ?B)
[2026-08-01T15:55:46.853Z] GET http://localhost:5173/images/cert-ibm-genai.png → 304 (?ms, ?B)
[2026-08-01T15:55:46.853Z] GET http://localhost:5173/images/cert-deeplearning-ai.png → 304 (1ms, ?B)
[2026-08-01T15:55:46.853Z] GET http://localhost:5173/images/vivansa-logo.png → 304 (1ms, ?B)
[2026-08-01T15:55:51.880Z] POST https://region1.google-analytics.com/g/collect?v=2&tid=G-2XLMZ0T77H&gtm=45je67t1v9247131075za200zd9247131075&_p=1785599746540&gcd=13l3l3l2l1l1&npa=1&dma_cps=a&dma=1&_eu=AAAAAAQ&are=1&cid=183504548.1785599271&frm=0&ngs=1&pscdl=noapi&rcb=6&sr=1440x950&uaa=arm&uab=64&uafvl=Not%253AA-Brand%3B99.0.0.0%7CHeadlessChrome%3B145.0.7632.6%7CChromium%3B145.0.7632.6&uam=&uamb=0&uap=macOS&uapv=26.2.0&uaw=0&ul=en-us&_s=1&tag_exp=115616986~115938466~115938468~118897920~118897930~119896803~120125305&sid=1785599270&sct=1&seg=1&dl=http%3A%2F%2Flocalhost%2F&dt=Kostadin%20Devedzhiev%20%E2%80%94%20Human%E2%80%93AI%20Orchestration&en=page_view&_ee=1&tfd=5419 → 204 (89ms, ?B)
[2026-08-01T15:56:07.216Z] GET http://localhost:5173/src/components/SkillPipeline.tsx?t=1785599767212 → 200 (23ms, 46394B)
[2026-08-01T15:56:50.567Z] GET http://localhost:5173/ → 200 (7ms, 2527B)
[2026-08-01T15:56:50.585Z] POST https://region1.google-analytics.com/g/collect?v=2&tid=G-2XLMZ0T77H&gtm=45je67t1v9247131075za200zd9247131075&_p=1785599746540&gcd=13l3l3l2l1l1&npa=1&dma_cps=a&dma=1&_eu=AAAAAAQ&are=1&cid=183504548.1785599271&frm=0&ngs=1&pscdl=noapi&rcb=6&sr=1440x950&uaa=arm&uab=64&uafvl=Not%253AA-Brand%3B99.0.0.0%7CHeadlessChrome%3B145.0.7632.6%7CChromium%3B145.0.7632.6&uam=&uamb=0&uap=macOS&uapv=26.2.0&uaw=0&ul=en-us&_s=2&tag_exp=115616986~115938466~115938468~118897920~118897930~119896803~120125305&sid=1785599270&sct=1&seg=1&dl=http%3A%2F%2Flocalhost%2F&dt=Kostadin%20Devedzhiev%20%E2%80%94%20Human%E2%80%93AI%20Orchestration&en=user_engagement&_et=63699&tfd=64121 → pending (?ms, ?B)
[2026-08-01T15:56:50.587Z] GET http://localhost:5173/@vite/client → 200 (2ms, 178940B)
[2026-08-01T15:56:50.588Z] GET https://www.googletagmanager.com/gtag/js?id=G-2XLMZ0T77H → 200 (?ms, 489349B)
[2026-08-01T15:56:50.588Z] GET http://localhost:5173/src/main.tsx?t=1785599767212 → 200 (?ms, 1424B)
[2026-08-01T15:56:50.589Z] GET http://localhost:5173/@react-refresh → 200 (3ms, 111894B)
[2026-08-01T15:56:50.589Z] GET http://localhost:5173/node_modules/.vite/deps/react_jsx-dev-runtime.js?v=1f6a80b5 → 200 (?ms, 12375B)
[2026-08-01T15:56:50.589Z] GET http://localhost:5173/node_modules/.vite/deps/react-dom_client.js?v=1f6a80b5 → 200 (?ms, 1946B)
[2026-08-01T15:56:50.590Z] GET http://localhost:5173/src/index.css → 200 (2ms, 5005B)
[2026-08-01T15:56:50.590Z] GET http://localhost:5173/src/App.tsx?t=1785599767212 → 200 (2ms, 22984B)
[2026-08-01T15:56:50.590Z] GET http://localhost:5173/node_modules/vite/dist/client/env.mjs → 200 (2ms, 3478B)
[2026-08-01T15:56:50.590Z] GET http://localhost:5173/node_modules/.vite/deps/chunk-RY7GF66K.js?v=1f6a80b5 → 200 (?ms, 45564B)
[2026-08-01T15:56:50.590Z] GET http://localhost:5173/node_modules/.vite/deps/chunk-G3PMV62Z.js?v=1f6a80b5 → 200 (?ms, 7968B)
[2026-08-01T15:56:50.590Z] GET http://localhost:5173/node_modules/.vite/deps/chunk-A7TE6BYH.js?v=1f6a80b5 → 200 (?ms, 993650B)
[2026-08-01T15:56:50.590Z] GET http://localhost:5173/node_modules/.vite/deps/chunk-GUQHL3N7.js?v=1f6a80b5 → 200 (1ms, 11879B)
[2026-08-01T15:56:50.591Z] GET http://localhost:5173/node_modules/.vite/deps/chunk-IWOBEF4E.js?v=1f6a80b5 → 200 (?ms, 16214B)
[2026-08-01T15:56:50.595Z] GET http://localhost:5173/node_modules/.vite/deps/react.js?v=1f6a80b5 → 200 (?ms, 1024B)
[2026-08-01T15:56:50.596Z] GET http://localhost:5173/node_modules/.vite/deps/@mui_material.js?v=1f6a80b5 → 200 (?ms, 1529410B)
[2026-08-01T15:56:50.596Z] GET http://localhost:5173/src/components/Navbar.tsx?t=1785597970902 → 200 (21ms, 23715B)
[2026-08-01T15:56:50.596Z] GET http://localhost:5173/src/components/Hero.tsx?t=1785598520686 → 200 (49ms, 58449B)
[2026-08-01T15:56:50.596Z] GET http://localhost:5173/src/components/News.tsx?t=1785598033910 → 200 (49ms, 21865B)
[2026-08-01T15:56:50.596Z] GET http://localhost:5173/src/components/CurrentWork.tsx?t=1785599767212 → 200 (49ms, 63696B)
[2026-08-01T15:56:50.596Z] GET http://localhost:5173/src/components/Projects.tsx?t=1785598053140 → 200 (50ms, 84471B)
[2026-08-01T15:56:50.596Z] GET http://localhost:5173/src/components/Publications.tsx?t=1785598030722 → 200 (49ms, 15915B)
[2026-08-01T15:56:50.596Z] GET http://localhost:5173/src/components/Education.tsx?t=1785598350508 → 200 (49ms, 29710B)
[2026-08-01T15:56:50.596Z] GET http://localhost:5173/src/components/Skills.tsx?t=1785598032660 → 200 (49ms, 19227B)
[2026-08-01T15:56:50.596Z] GET http://localhost:5173/src/components/Experience.tsx?t=1785598029464 → 200 (49ms, 30709B)
[2026-08-01T15:56:50.597Z] GET http://localhost:5173/src/components/Footer.tsx?t=1785597970902 → 200 (48ms, 23111B)
[2026-08-01T15:56:50.601Z] POST https://region1.google-analytics.com/g/collect?v=2&tid=G-2XLMZ0T77H&gtm=45je67t1v9247131075za200zd9247131075&_p=1785599810584&gcd=13l3l3l2l1l1&npa=1&dma_cps=a&dma=1&_eu=AAAAAAQ&are=1&cid=183504548.1785599271&frm=0&ngs=1&pscdl=noapi&rcb=3&sr=1440x950&uaa=arm&uab=64&uafvl=Not%253AA-Brand%3B99.0.0.0%7CHeadlessChrome%3B145.0.7632.6%7CChromium%3B145.0.7632.6&uam=&uamb=0&uap=macOS&uapv=26.2.0&uaw=0&ul=en-us&_s=1&tag_exp=115616985~115938465~115938468~118897920~118897930~119527019~119896802~120222309&sid=1785599270&sct=1&seg=1&dl=http%3A%2F%2Flocalhost%2F&dt=Kostadin%20Devedzhiev%20%E2%80%94%20Human%E2%80%93AI%20Orchestration&en=page_view&_ee=1&tfd=33 → 204 (230ms, ?B)
[2026-08-01T15:56:50.616Z] GET http://localhost:5173/node_modules/.vite/deps/chunk-UY2RUKTB.js?v=1f6a80b5 → 200 (?ms, 13129B)
[2026-08-01T15:56:50.616Z] GET http://localhost:5173/node_modules/.vite/deps/chunk-5U35SIGV.js?v=1f6a80b5 → 200 (?ms, 335110B)
[2026-08-01T15:56:50.616Z] GET http://localhost:5173/node_modules/.vite/deps/chunk-EQCCHGRT.js?v=1f6a80b5 → 200 (?ms, 425B)
[2026-08-01T15:56:50.617Z] GET http://localhost:5173/node_modules/.vite/deps/chunk-GSJHEFGA.js?v=1f6a80b5 → 200 (?ms, 33795B)
[2026-08-01T15:56:50.617Z] GET http://localhost:5173/node_modules/.vite/deps/chunk-7HXCKB66.js?v=1f6a80b5 → 200 (?ms, 12731B)
[2026-08-01T15:56:50.646Z] GET http://localhost:5173/node_modules/.vite/deps/@mui_icons-material_Menu.js?v=1f6a80b5 → 200 (?ms, 929B)
[2026-08-01T15:56:50.646Z] GET http://localhost:5173/src/data/content.ts?t=1785597970902 → 200 (7ms, 76359B)
[2026-08-01T15:56:50.649Z] GET http://localhost:5173/node_modules/.vite/deps/@mui_icons-material_GitHub.js?v=1f6a80b5 → 200 (1ms, 1434B)
[2026-08-01T15:56:50.650Z] GET http://localhost:5173/node_modules/.vite/deps/@mui_icons-material_LinkedIn.js?v=1f6a80b5 → 200 (?ms, 1332B)
[2026-08-01T15:56:50.650Z] GET http://localhost:5173/node_modules/.vite/deps/@mui_icons-material_Code.js?v=1f6a80b5 → 200 (?ms, 964B)
[2026-08-01T15:56:50.650Z] GET http://localhost:5173/node_modules/.vite/deps/@mui_icons-material_School.js?v=1f6a80b5 → 200 (?ms, 962B)
[2026-08-01T15:56:50.650Z] GET http://localhost:5173/node_modules/.vite/deps/@mui_material_SvgIcon.js?v=1f6a80b5 → 200 (?ms, 2745B)
[2026-08-01T15:56:50.650Z] GET http://localhost:5173/node_modules/.vite/deps/@mui_icons-material_ContentCopy.js?v=1f6a80b5 → 200 (?ms, 1046B)
[2026-08-01T15:56:50.650Z] GET http://localhost:5173/node_modules/.vite/deps/@mui_icons-material_LocationOn.js?v=1f6a80b5 → 200 (?ms, 1072B)
[2026-08-01T15:56:50.650Z] GET http://localhost:5173/node_modules/.vite/deps/@mui_icons-material_Check.js?v=1f6a80b5 → 200 (?ms, 944B)
[2026-08-01T15:56:50.650Z] GET http://localhost:5173/src/components/RoutingDiagram.tsx → 200 (4ms, 43267B)
[2026-08-01T15:56:50.650Z] GET http://localhost:5173/node_modules/.vite/deps/@mui_icons-material_Web.js?v=1f6a80b5 → 200 (?ms, 1006B)
[2026-08-01T15:56:50.650Z] GET http://localhost:5173/node_modules/.vite/deps/@mui_icons-material_Dns.js?v=1f6a80b5 → 200 (1ms, 1138B)
[2026-08-01T15:56:50.651Z] GET http://localhost:5173/node_modules/.vite/deps/@mui_icons-material_Storage.js?v=1f6a80b5 → 200 (?ms, 978B)
[2026-08-01T15:56:50.651Z] GET http://localhost:5173/node_modules/.vite/deps/@mui_icons-material_BarChart.js?v=1f6a80b5 → 200 (?ms, 949B)
[2026-08-01T15:56:50.651Z] GET http://localhost:5173/node_modules/.vite/deps/@mui_icons-material_Psychology.js?v=1f6a80b5 → 200 (?ms, 1751B)
[2026-08-01T15:56:50.651Z] GET http://localhost:5173/node_modules/.vite/deps/@mui_icons-material_SmartToy.js?v=1f6a80b5 → 200 (?ms, 1243B)
[2026-08-01T15:56:50.651Z] GET http://localhost:5173/node_modules/.vite/deps/@mui_icons-material_Cloud.js?v=1f6a80b5 → 200 (?ms, 1046B)
[2026-08-01T15:56:50.651Z] GET http://localhost:5173/src/components/SectionHeader.tsx → 200 (3ms, 7675B)
[2026-08-01T15:56:50.651Z] GET http://localhost:5173/node_modules/.vite/deps/@mui_icons-material_Language.js?v=1f6a80b5 → 200 (1ms, 1680B)
[2026-08-01T15:56:50.652Z] GET http://localhost:5173/node_modules/.vite/deps/@mui_icons-material_MenuBook.js?v=1f6a80b5 → 200 (?ms, 1691B)
[2026-08-01T15:56:50.652Z] GET http://localhost:5173/node_modules/.vite/deps/@mui_icons-material_Image.js?v=1f6a80b5 → 200 (?ms, 1006B)
[2026-08-01T15:56:50.652Z] GET http://localhost:5173/node_modules/.vite/deps/@mui_icons-material_Slideshow.js?v=1f6a80b5 → 200 (?ms, 1014B)
[2026-08-01T15:56:50.652Z] GET http://localhost:5173/node_modules/.vite/deps/@mui_icons-material_AutoStories.js?v=1f6a80b5 → 200 (?ms, 1244B)
[2026-08-01T15:56:50.652Z] GET http://localhost:5173/node_modules/.vite/deps/@mui_icons-material_ChevronLeft.js?v=1f6a80b5 → 200 (?ms, 970B)
[2026-08-01T15:56:50.652Z] GET http://localhost:5173/node_modules/.vite/deps/@mui_icons-material_ChevronRight.js?v=1f6a80b5 → 200 (?ms, 976B)
[2026-08-01T15:56:50.652Z] GET http://localhost:5173/src/components/SkillCovariance.tsx?t=1785599720007 → 200 (2ms, 26601B)
[2026-08-01T15:56:50.652Z] GET http://localhost:5173/src/components/SkillPipeline.tsx?t=1785599767212 → 200 (2ms, 46394B)
[2026-08-01T15:56:50.652Z] GET http://localhost:5173/node_modules/.vite/deps/@mui_icons-material_OpenInNew.js?v=1f6a80b5 → 200 (?ms, 1040B)
[2026-08-01T15:56:50.653Z] GET http://localhost:5173/node_modules/.vite/deps/@mui_icons-material_DescriptionOutlined.js?v=1f6a80b5 → 200 (?ms, 1069B)
[2026-08-01T15:56:50.653Z] GET http://localhost:5173/node_modules/.vite/deps/@mui_icons-material_SlideshowOutlined.js?v=1f6a80b5 → 200 (?ms, 1054B)
[2026-08-01T15:56:50.653Z] GET http://localhost:5173/node_modules/.vite/deps/@mui_icons-material_KeyboardArrowUp.js?v=1f6a80b5 → 200 (?ms, 991B)
[2026-08-01T15:56:50.653Z] GET http://localhost:5173/node_modules/.vite/deps/@mui_icons-material_Article.js?v=1f6a80b5 → 200 (?ms, 1019B)
[2026-08-01T15:56:50.653Z] GET http://localhost:5173/node_modules/.vite/deps/@mui_icons-material_KeyboardArrowDown.js?v=1f6a80b5 → 200 (?ms, 1000B)
[2026-08-01T15:56:50.653Z] GET http://localhost:5173/node_modules/.vite/deps/@mui_icons-material_Description.js?v=1f6a80b5 → 200 (?ms, 1039B)
[2026-08-01T15:56:50.653Z] GET http://localhost:5173/node_modules/.vite/deps/@mui_icons-material_Summarize.js?v=1f6a80b5 → 200 (?ms, 1158B)
[2026-08-01T15:56:50.653Z] GET http://localhost:5173/node_modules/.vite/deps/chunk-C6WWHQR7.js?v=1f6a80b5 → 200 (?ms, 191B)
[2026-08-01T15:56:50.658Z] GET https://fonts.googleapis.com/css2?family=Space+Grotesk:wght@400;500;600;700&family=Inter:ital,opsz,wght@0,14..32,300..700;1,14..32,400&family=IBM+Plex+Mono:wght@400;500;600&display=swap → 200 (?ms, 16070B)
[2026-08-01T15:56:50.659Z] GET https://fonts.gstatic.com/s/ibmplexmono/v20/-F63fjptAgt5VM-kVkqdyU8n1i8q131nj-o.woff2 → 200 (?ms, ?B)
[2026-08-01T15:56:50.659Z] GET https://fonts.gstatic.com/s/ibmplexmono/v20/-F6qfjptAgt5VM-kVkqdyU8n3twJwlBFgsAXHNk.woff2 → 200 (?ms, ?B)
[2026-08-01T15:56:50.660Z] GET https://fonts.gstatic.com/s/ibmplexmono/v20/-F6qfjptAgt5VM-kVkqdyU8n3vAOwlBFgsAXHNk.woff2 → 200 (?ms, ?B)
[2026-08-01T15:56:50.660Z] GET https://fonts.gstatic.com/s/inter/v20/UcC53FwrK3iLTcvneQg7B5iqpJlhKnPCkaL5UUMbndwV.woff2 → 200 (?ms, ?B)
[2026-08-01T15:56:50.660Z] GET https://fonts.gstatic.com/s/inter/v20/UcCo3FwrK3iLTcvhYwYZ8UA3J58.woff2 → 200 (?ms, ?B)
[2026-08-01T15:56:50.660Z] GET https://fonts.gstatic.com/s/inter/v20/UcCo3FwrK3iLTcviYwYZ8UA3.woff2 → 200 (?ms, ?B)
[2026-08-01T15:56:50.660Z] GET https://fonts.gstatic.com/s/spacegrotesk/v22/V8mDoQDjQSkFtoMM3T6r8E7mPbF4C_k3HqU.woff2 → 200 (?ms, ?B)
[2026-08-01T15:56:50.814Z] GET http://localhost:5173/images/headshot.jpg → 304 (1ms, ?B)
[2026-08-01T15:56:50.814Z] GET http://localhost:5173/images/cambridge-logo.png → 304 (1ms, ?B)
[2026-08-01T15:56:50.814Z] GET http://localhost:5173/images/queens-cover.png → 304 (1ms, ?B)
[2026-08-01T15:56:50.814Z] GET http://localhost:5173/images/chia-cover.png → 304 (1ms, ?B)
[2026-08-01T15:56:50.814Z] GET http://localhost:5173/images/trace-cover.jpeg → 304 (1ms, ?B)
[2026-08-01T15:56:50.814Z] GET http://localhost:5173/images/tailor-cover.png → 304 (1ms, ?B)
[2026-08-01T15:56:50.814Z] GET http://localhost:5173/images/stony-brook-logo.png → 304 (1ms, ?B)
[2026-08-01T15:56:50.814Z] GET http://localhost:5173/images/hawaii-hilo-logo.jpg → 304 (1ms, ?B)
[2026-08-01T15:56:50.814Z] GET http://localhost:5173/images/cert-ibm-genai.png → 304 (1ms, ?B)
[2026-08-01T15:56:50.814Z] GET http://localhost:5173/images/cert-deeplearning-ai.png → 304 (1ms, ?B)
[2026-08-01T15:56:50.814Z] GET http://localhost:5173/images/vivansa-logo.png → 304 (1ms, ?B)
[2026-08-01T15:56:50.815Z] GET http://localhost:5173/documents/thesis/thesis-cover.svg → 200 (15ms, 9099B)
[2026-08-01T15:56:55.604Z] POST https://region1.google-analytics.com/g/collect?v=2&tid=G-2XLMZ0T77H&gtm=45je67t1v9247131075za200zd9247131075&_p=1785599810584&gcd=13l3l3l2l1l1&npa=1&dma_cps=a&dma=1&_eu=AEAAAAQ&ae=a&are=1&cid=183504548.1785599271&frm=0&ngs=1&pscdl=noapi&rcb=3&sr=1440x950&uaa=arm&uab=64&uafvl=Not%253AA-Brand%3B99.0.0.0%7CHeadlessChrome%3B145.0.7632.6%7CChromium%3B145.0.7632.6&uam=&uamb=0&uap=macOS&uapv=26.2.0&uaw=0&ul=en-us&_s=2&tag_exp=115616985~115938465~115938468~118897920~118897930~119527019~119896802~120222309&sid=1785599270&sct=1&seg=1&dl=http%3A%2F%2Flocalhost%2F&dt=Kostadin%20Devedzhiev%20%E2%80%94%20Human%E2%80%93AI%20Orchestration&en=scroll&epn.percent_scrolled=90&_et=4&tfd=5036 → 204 (96ms, ?B)
[2026-08-01T15:58:27.268Z] GET http://localhost:5173/documents/papers/human-ai-collab/hapi-animated-svg.svg → 200 (69ms, ?B)
[2026-08-01T15:59:00.859Z] GET http://localhost:5173/src/components/Education.tsx?t=1785599940841 → 200 (44ms, 30122B)
[2026-08-01T15:59:04.912Z] GET http://localhost:5173/src/components/Experience.tsx?t=1785599944910 → 200 (15ms, 30935B)
[2026-08-01T15:59:07.863Z] GET http://localhost:5173/src/components/Education.tsx?t=1785599947861 → 200 (24ms, 30658B)
[2026-08-01T15:59:32.092Z] GET http://localhost:5173/ → 200 (10ms, 2527B)
[2026-08-01T15:59:32.129Z] POST https://region1.google-analytics.com/g/collect?v=2&tid=G-2XLMZ0T77H&gtm=45je67t1v9247131075za200zd9247131075&_p=1785599810584&gcd=13l3l3l2l1l1&npa=1&dma_cps=a&dma=1&_eu=AAAAAAQ&are=1&cid=183504548.1785599271&frm=0&ngs=1&pscdl=noapi&rcb=3&sr=1440x950&uaa=arm&uab=64&uafvl=Not%253AA-Brand%3B99.0.0.0%7CHeadlessChrome%3B145.0.7632.6%7CChromium%3B145.0.7632.6&uam=&uamb=0&uap=macOS&uapv=26.2.0&uaw=0&ul=en-us&_s=3&tag_exp=115616985~115938465~115938468~118897920~118897930~119527019~119896802~120222309&sid=1785599270&sct=1&seg=1&dl=http%3A%2F%2Flocalhost%2F&dt=Kostadin%20Devedzhiev%20%E2%80%94%20Human%E2%80%93AI%20Orchestration&en=user_engagement&_et=161508&tfd=161554 → pending (?ms, ?B)
[2026-08-01T15:59:32.145Z] GET http://localhost:5173/@vite/client → 200 (4ms, 178940B)
[2026-08-01T15:59:32.145Z] GET https://www.googletagmanager.com/gtag/js?id=G-2XLMZ0T77H → 200 (?ms, 489349B)
[2026-08-01T15:59:32.146Z] GET http://localhost:5173/src/main.tsx?t=1785599947861 → 200 (3ms, 1424B)
[2026-08-01T15:59:32.153Z] GET http://localhost:5173/@react-refresh → 200 (9ms, 111894B)
[2026-08-01T15:59:32.153Z] GET http://localhost:5173/node_modules/.vite/deps/react_jsx-dev-runtime.js?v=1f6a80b5 → 200 (?ms, 12375B)
[2026-08-01T15:59:32.153Z] GET http://localhost:5173/node_modules/.vite/deps/react-dom_client.js?v=1f6a80b5 → 200 (?ms, 1946B)
[2026-08-01T15:59:32.153Z] GET http://localhost:5173/src/index.css → 200 (10ms, 5005B)
[2026-08-01T15:59:32.155Z] GET http://localhost:5173/src/App.tsx?t=1785599947861 → 200 (8ms, 22984B)
[2026-08-01T15:59:32.155Z] GET http://localhost:5173/node_modules/vite/dist/client/env.mjs → 200 (8ms, 3478B)
[2026-08-01T15:59:32.155Z] GET http://localhost:5173/node_modules/.vite/deps/chunk-RY7GF66K.js?v=1f6a80b5 → 200 (?ms, 45564B)
[2026-08-01T15:59:32.155Z] GET http://localhost:5173/node_modules/.vite/deps/chunk-G3PMV62Z.js?v=1f6a80b5 → 200 (?ms, 7968B)
[2026-08-01T15:59:32.155Z] GET http://localhost:5173/node_modules/.vite/deps/chunk-A7TE6BYH.js?v=1f6a80b5 → 200 (?ms, 993650B)
[2026-08-01T15:59:32.155Z] GET http://localhost:5173/node_modules/.vite/deps/chunk-GUQHL3N7.js?v=1f6a80b5 → 200 (?ms, 11879B)
[2026-08-01T15:59:32.156Z] GET http://localhost:5173/node_modules/.vite/deps/chunk-IWOBEF4E.js?v=1f6a80b5 → 200 (?ms, 16214B)
[2026-08-01T15:59:32.183Z] GET http://localhost:5173/node_modules/.vite/deps/react.js?v=1f6a80b5 → 200 (1ms, 1024B)
[2026-08-01T15:59:32.184Z] GET http://localhost:5173/node_modules/.vite/deps/@mui_material.js?v=1f6a80b5 → 200 (?ms, 1529410B)
[2026-08-01T15:59:32.184Z] GET http://localhost:5173/src/components/Navbar.tsx?t=1785597970902 → 200 (4ms, 23715B)
[2026-08-01T15:59:32.184Z] GET http://localhost:5173/src/components/Hero.tsx?t=1785598520686 → 200 (5ms, 58449B)
[2026-08-01T15:59:32.185Z] GET http://localhost:5173/src/components/News.tsx?t=1785598033910 → 200 (4ms, 21865B)
[2026-08-01T15:59:32.185Z] GET http://localhost:5173/src/components/CurrentWork.tsx?t=1785599767212 → 200 (4ms, 63696B)
[2026-08-01T15:59:32.185Z] GET http://localhost:5173/src/components/Projects.tsx?t=1785598053140 → 200 (4ms, 84471B)
[2026-08-01T15:59:32.185Z] GET http://localhost:5173/src/components/Publications.tsx?t=1785598030722 → 200 (4ms, 15915B)
[2026-08-01T15:59:32.185Z] GET http://localhost:5173/src/components/Education.tsx?t=1785599947861 → 200 (27ms, 30658B)
[2026-08-01T15:59:32.185Z] GET http://localhost:5173/src/components/Skills.tsx?t=1785598032660 → 200 (4ms, 19227B)
[2026-08-01T15:59:32.185Z] GET http://localhost:5173/src/components/Experience.tsx?t=1785599944910 → 200 (4ms, 30935B)
[2026-08-01T15:59:32.186Z] GET http://localhost:5173/src/components/Footer.tsx?t=1785597970902 → 200 (3ms, 23111B)
[2026-08-01T15:59:32.187Z] POST https://region1.google-analytics.com/g/collect?v=2&tid=G-2XLMZ0T77H&gtm=45je67t1v9247131075za200zd9247131075&_p=1785599972148&gcd=13l3l3l2l1l1&npa=1&dma_cps=a&dma=1&_eu=AAAAAAQ&are=1&cid=183504548.1785599271&frm=0&ngs=1&pscdl=noapi&rcb=14&sr=1440x950&uaa=arm&uab=64&uafvl=Not%253AA-Brand%3B99.0.0.0%7CHeadlessChrome%3B145.0.7632.6%7CChromium%3B145.0.7632.6&uam=&uamb=0&uap=macOS&uapv=26.2.0&uaw=0&ul=en-us&_s=1&tag_exp=115938465~115938468~118897920~118897930~119896802&sid=1785599270&sct=1&seg=1&dl=http%3A%2F%2Flocalhost%2F&dt=Kostadin%20Devedzhiev%20%E2%80%94%20Human%E2%80%93AI%20Orchestration&en=page_view&_ee=1&tfd=101 → 204 (249ms, ?B)
[2026-08-01T15:59:32.188Z] GET http://localhost:5173/node_modules/.vite/deps/chunk-UY2RUKTB.js?v=1f6a80b5 → 200 (?ms, 13129B)
[2026-08-01T15:59:32.188Z] GET http://localhost:5173/node_modules/.vite/deps/chunk-5U35SIGV.js?v=1f6a80b5 → 200 (?ms, 335110B)
[2026-08-01T15:59:32.188Z] GET http://localhost:5173/node_modules/.vite/deps/chunk-EQCCHGRT.js?v=1f6a80b5 → 200 (?ms, 425B)
[2026-08-01T15:59:32.188Z] GET http://localhost:5173/node_modules/.vite/deps/chunk-GSJHEFGA.js?v=1f6a80b5 → 200 (?ms, 33795B)
[2026-08-01T15:59:32.188Z] GET http://localhost:5173/node_modules/.vite/deps/chunk-7HXCKB66.js?v=1f6a80b5 → 200 (?ms, 12731B)
[2026-08-01T15:59:32.213Z] GET http://localhost:5173/node_modules/.vite/deps/@mui_icons-material_Menu.js?v=1f6a80b5 → 200 (?ms, 929B)
[2026-08-01T15:59:32.213Z] GET http://localhost:5173/src/data/content.ts?t=1785597970902 → 200 (12ms, 76359B)
[2026-08-01T15:59:32.213Z] GET http://localhost:5173/node_modules/.vite/deps/@mui_icons-material_GitHub.js?v=1f6a80b5 → 200 (?ms, 1434B)
[2026-08-01T15:59:32.213Z] GET http://localhost:5173/node_modules/.vite/deps/@mui_icons-material_LinkedIn.js?v=1f6a80b5 → 200 (?ms, 1332B)
[2026-08-01T15:59:32.214Z] GET http://localhost:5173/node_modules/.vite/deps/@mui_icons-material_Code.js?v=1f6a80b5 → 200 (?ms, 964B)
[2026-08-01T15:59:32.214Z] GET http://localhost:5173/node_modules/.vite/deps/@mui_icons-material_School.js?v=1f6a80b5 → 200 (?ms, 962B)
[2026-08-01T15:59:32.214Z] GET http://localhost:5173/node_modules/.vite/deps/@mui_material_SvgIcon.js?v=1f6a80b5 → 200 (?ms, 2745B)
[2026-08-01T15:59:32.214Z] GET http://localhost:5173/node_modules/.vite/deps/@mui_icons-material_ContentCopy.js?v=1f6a80b5 → 200 (?ms, 1046B)
[2026-08-01T15:59:32.214Z] GET http://localhost:5173/node_modules/.vite/deps/@mui_icons-material_LocationOn.js?v=1f6a80b5 → 200 (?ms, 1072B)
[2026-08-01T15:59:32.216Z] GET http://localhost:5173/node_modules/.vite/deps/@mui_icons-material_Check.js?v=1f6a80b5 → 200 (?ms, 944B)
[2026-08-01T15:59:32.216Z] GET http://localhost:5173/src/components/RoutingDiagram.tsx → 200 (10ms, 43267B)
[2026-08-01T15:59:32.216Z] GET http://localhost:5173/node_modules/.vite/deps/@mui_icons-material_DescriptionOutlined.js?v=1f6a80b5 → 200 (?ms, 1069B)
[2026-08-01T15:59:32.217Z] GET http://localhost:5173/node_modules/.vite/deps/@mui_icons-material_SlideshowOutlined.js?v=1f6a80b5 → 200 (?ms, 1054B)
[2026-08-01T15:59:32.217Z] GET http://localhost:5173/src/components/SectionHeader.tsx → 200 (9ms, 7675B)
[2026-08-01T15:59:32.217Z] GET http://localhost:5173/node_modules/.vite/deps/@mui_icons-material_Web.js?v=1f6a80b5 → 200 (?ms, 1006B)
[2026-08-01T15:59:32.217Z] GET http://localhost:5173/node_modules/.vite/deps/@mui_icons-material_Dns.js?v=1f6a80b5 → 200 (?ms, 1138B)
[2026-08-01T15:59:32.217Z] GET http://localhost:5173/node_modules/.vite/deps/@mui_icons-material_Storage.js?v=1f6a80b5 → 200 (?ms, 978B)
[2026-08-01T15:59:32.217Z] GET http://localhost:5173/node_modules/.vite/deps/@mui_icons-material_BarChart.js?v=1f6a80b5 → 200 (1ms, 949B)
[2026-08-01T15:59:32.218Z] GET http://localhost:5173/node_modules/.vite/deps/@mui_icons-material_Psychology.js?v=1f6a80b5 → 200 (?ms, 1751B)
[2026-08-01T15:59:32.218Z] GET http://localhost:5173/node_modules/.vite/deps/@mui_icons-material_SmartToy.js?v=1f6a80b5 → 200 (?ms, 1243B)
[2026-08-01T15:59:32.218Z] GET http://localhost:5173/node_modules/.vite/deps/@mui_icons-material_Cloud.js?v=1f6a80b5 → 200 (?ms, 1046B)
[2026-08-01T15:59:32.218Z] GET http://localhost:5173/node_modules/.vite/deps/@mui_icons-material_Language.js?v=1f6a80b5 → 200 (?ms, 1680B)
[2026-08-01T15:59:32.218Z] GET http://localhost:5173/node_modules/.vite/deps/@mui_icons-material_MenuBook.js?v=1f6a80b5 → 200 (?ms, 1691B)
[2026-08-01T15:59:32.218Z] GET http://localhost:5173/node_modules/.vite/deps/@mui_icons-material_Image.js?v=1f6a80b5 → 200 (?ms, 1006B)
[2026-08-01T15:59:32.219Z] GET http://localhost:5173/node_modules/.vite/deps/@mui_icons-material_Slideshow.js?v=1f6a80b5 → 200 (?ms, 1014B)
[2026-08-01T15:59:32.220Z] GET http://localhost:5173/node_modules/.vite/deps/@mui_icons-material_AutoStories.js?v=1f6a80b5 → 200 (?ms, 1244B)
[2026-08-01T15:59:32.220Z] GET http://localhost:5173/node_modules/.vite/deps/@mui_icons-material_ChevronLeft.js?v=1f6a80b5 → 200 (?ms, 970B)
[2026-08-01T15:59:32.220Z] GET http://localhost:5173/node_modules/.vite/deps/@mui_icons-material_ChevronRight.js?v=1f6a80b5 → 200 (?ms, 976B)
[2026-08-01T15:59:32.220Z] GET http://localhost:5173/src/components/SkillCovariance.tsx?t=1785599720007 → 200 (6ms, 26601B)
[2026-08-01T15:59:32.220Z] GET http://localhost:5173/src/components/SkillPipeline.tsx?t=1785599767212 → 200 (6ms, 46394B)
[2026-08-01T15:59:32.220Z] GET http://localhost:5173/node_modules/.vite/deps/@mui_icons-material_Article.js?v=1f6a80b5 → 200 (?ms, 1019B)
[2026-08-01T15:59:32.221Z] GET http://localhost:5173/node_modules/.vite/deps/@mui_icons-material_OpenInNew.js?v=1f6a80b5 → 200 (?ms, 1040B)
[2026-08-01T15:59:32.221Z] GET http://localhost:5173/node_modules/.vite/deps/@mui_icons-material_KeyboardArrowDown.js?v=1f6a80b5 → 200 (?ms, 1000B)
[2026-08-01T15:59:32.221Z] GET http://localhost:5173/node_modules/.vite/deps/@mui_icons-material_Description.js?v=1f6a80b5 → 200 (?ms, 1039B)
[2026-08-01T15:59:32.221Z] GET http://localhost:5173/node_modules/.vite/deps/@mui_icons-material_Summarize.js?v=1f6a80b5 → 200 (?ms, 1158B)
[2026-08-01T15:59:32.221Z] GET http://localhost:5173/node_modules/.vite/deps/@mui_icons-material_KeyboardArrowUp.js?v=1f6a80b5 → 200 (?ms, 991B)
[2026-08-01T15:59:32.225Z] GET http://localhost:5173/node_modules/.vite/deps/chunk-C6WWHQR7.js?v=1f6a80b5 → 200 (?ms, 191B)
[2026-08-01T15:59:32.239Z] GET https://fonts.googleapis.com/css2?family=Space+Grotesk:wght@400;500;600;700&family=Inter:ital,opsz,wght@0,14..32,300..700;1,14..32,400&family=IBM+Plex+Mono:wght@400;500;600&display=swap → 200 (?ms, 16070B)
[2026-08-01T15:59:32.241Z] GET https://fonts.gstatic.com/s/ibmplexmono/v20/-F63fjptAgt5VM-kVkqdyU8n1i8q131nj-o.woff2 → 200 (?ms, ?B)
[2026-08-01T15:59:32.241Z] GET https://fonts.gstatic.com/s/ibmplexmono/v20/-F6qfjptAgt5VM-kVkqdyU8n3twJwlBFgsAXHNk.woff2 → 200 (?ms, ?B)
[2026-08-01T15:59:32.241Z] GET https://fonts.gstatic.com/s/ibmplexmono/v20/-F6qfjptAgt5VM-kVkqdyU8n3vAOwlBFgsAXHNk.woff2 → 200 (?ms, ?B)
[2026-08-01T15:59:32.241Z] GET https://fonts.gstatic.com/s/inter/v20/UcC53FwrK3iLTcvneQg7B5iqpJlhKnPCkaL5UUMbndwV.woff2 → 200 (?ms, ?B)
[2026-08-01T15:59:32.242Z] GET https://fonts.gstatic.com/s/inter/v20/UcCo3FwrK3iLTcvhYwYZ8UA3J58.woff2 → 200 (?ms, ?B)
[2026-08-01T15:59:32.242Z] GET https://fonts.gstatic.com/s/inter/v20/UcCo3FwrK3iLTcviYwYZ8UA3.woff2 → 200 (?ms, ?B)
[2026-08-01T15:59:32.242Z] GET https://fonts.gstatic.com/s/spacegrotesk/v22/V8mDoQDjQSkFtoMM3T6r8E7mPbF4C_k3HqU.woff2 → 200 (?ms, ?B)
[2026-08-01T15:59:32.416Z] GET http://localhost:5173/images/headshot.jpg → 304 (1ms, ?B)
[2026-08-01T15:59:32.416Z] GET http://localhost:5173/images/cambridge-logo.png → 304 (1ms, ?B)
[2026-08-01T15:59:32.416Z] GET http://localhost:5173/images/queens-cover.png → 304 (1ms, ?B)
[2026-08-01T15:59:32.416Z] GET http://localhost:5173/images/chia-cover.png → 304 (1ms, ?B)
[2026-08-01T15:59:32.416Z] GET http://localhost:5173/images/trace-cover.jpeg → 304 (1ms, ?B)
[2026-08-01T15:59:32.416Z] GET http://localhost:5173/images/tailor-cover.png → 304 (1ms, ?B)
[2026-08-01T15:59:32.416Z] GET http://localhost:5173/images/stony-brook-logo.png → 304 (1ms, ?B)
[2026-08-01T15:59:32.416Z] GET http://localhost:5173/images/hawaii-hilo-logo.jpg → 304 (1ms, ?B)
[2026-08-01T15:59:32.417Z] GET http://localhost:5173/images/cert-ibm-genai.png → 304 (1ms, ?B)
[2026-08-01T15:59:32.417Z] GET http://localhost:5173/images/cert-deeplearning-ai.png → 304 (1ms, ?B)
[2026-08-01T15:59:32.417Z] GET http://localhost:5173/images/vivansa-logo.png → 304 (1ms, ?B)
[2026-08-01T15:59:32.417Z] GET http://localhost:5173/documents/thesis/thesis-cover.svg → 200 (19ms, ?B)
[2026-08-01T15:59:36.676Z] GET http://localhost:5173/documents/papers/human-ai-collab/hapi-animated-svg.svg → 304 (1ms, ?B)
[2026-08-01T15:59:37.190Z] POST https://region1.google-analytics.com/g/collect?v=2&tid=G-2XLMZ0T77H&gtm=45je67t1v9247131075za200zd9247131075&_p=1785599972148&gcd=13l3l3l2l1l1&npa=1&dma_cps=a&dma=1&_eu=AEAAAAQ&ae=a&are=1&cid=183504548.1785599271&frm=0&ngs=1&pscdl=noapi&rcb=14&sr=1440x950&uaa=arm&uab=64&uafvl=Not%253AA-Brand%3B99.0.0.0%7CHeadlessChrome%3B145.0.7632.6%7CChromium%3B145.0.7632.6&uam=&uamb=0&uap=macOS&uapv=26.2.0&uaw=0&ul=en-us&_s=2&tag_exp=115938465~115938468~118897920~118897930~119896802&sid=1785599270&sct=1&seg=1&dl=http%3A%2F%2Flocalhost%2F&dt=Kostadin%20Devedzhiev%20%E2%80%94%20Human%E2%80%93AI%20Orchestration&en=scroll&epn.percent_scrolled=90&_et=3&tfd=5104 → 204 (71ms, ?B)
[2026-08-01T16:00:20.997Z] GET http://localhost:5173/src/components/Education.tsx?t=1785600020990 → 200 (34ms, 31438B)
[2026-08-01T16:00:22.224Z] GET http://localhost:5173/src/components/Experience.tsx?t=1785600022222 → 200 (10ms, 30940B)
[2026-08-01T16:00:23.298Z] GET http://localhost:5173/src/components/Education.tsx?t=1785600023296 → 200 (27ms, 31438B)
[2026-08-01T16:00:54.831Z] GET http://localhost:5173/ → 200 (16ms, 2527B)
[2026-08-01T16:00:54.877Z] POST https://region1.google-analytics.com/g/collect?v=2&tid=G-2XLMZ0T77H&gtm=45je67t1v9247131075za200zd9247131075&_p=1785599972148&gcd=13l3l3l2l1l1&npa=1&dma_cps=a&dma=1&_eu=AAAAAAQ&are=1&cid=183504548.1785599271&frm=0&ngs=1&pscdl=noapi&rcb=14&sr=1440x950&uaa=arm&uab=64&uafvl=Not%253AA-Brand%3B99.0.0.0%7CHeadlessChrome%3B145.0.7632.6%7CChromium%3B145.0.7632.6&uam=&uamb=0&uap=macOS&uapv=26.2.0&uaw=0&ul=en-us&_s=3&tag_exp=115938465~115938468~118897920~118897930~119896802&sid=1785599270&sct=1&seg=1&dl=http%3A%2F%2Flocalhost%2F&dt=Kostadin%20Devedzhiev%20%E2%80%94%20Human%E2%80%93AI%20Orchestration&en=user_engagement&_et=82667&tfd=82781 → pending (?ms, ?B)
[2026-08-01T16:00:54.894Z] GET http://localhost:5173/@vite/client → 200 (2ms, 178940B)
[2026-08-01T16:00:54.894Z] GET https://www.googletagmanager.com/gtag/js?id=G-2XLMZ0T77H → 200 (?ms, 489349B)
[2026-08-01T16:00:54.894Z] GET http://localhost:5173/src/main.tsx?t=1785600023296 → 200 (?ms, 1424B)
[2026-08-01T16:00:54.900Z] GET http://localhost:5173/@react-refresh → 200 (7ms, 111894B)
[2026-08-01T16:00:54.900Z] GET http://localhost:5173/node_modules/.vite/deps/react_jsx-dev-runtime.js?v=1f6a80b5 → 200 (?ms, 12375B)
[2026-08-01T16:00:54.900Z] GET http://localhost:5173/node_modules/.vite/deps/react-dom_client.js?v=1f6a80b5 → 200 (?ms, 1946B)
[2026-08-01T16:00:54.900Z] GET http://localhost:5173/src/index.css → 200 (7ms, 5005B)
[2026-08-01T16:00:54.900Z] GET http://localhost:5173/src/App.tsx?t=1785600023296 → 200 (7ms, 22984B)
[2026-08-01T16:00:54.901Z] GET http://localhost:5173/node_modules/vite/dist/client/env.mjs → 200 (6ms, 3478B)
[2026-08-01T16:00:54.901Z] GET http://localhost:5173/node_modules/.vite/deps/chunk-RY7GF66K.js?v=1f6a80b5 → 200 (?ms, 45564B)
[2026-08-01T16:00:54.901Z] GET http://localhost:5173/node_modules/.vite/deps/chunk-G3PMV62Z.js?v=1f6a80b5 → 200 (?ms, 7968B)
[2026-08-01T16:00:54.901Z] GET http://localhost:5173/node_modules/.vite/deps/chunk-A7TE6BYH.js?v=1f6a80b5 → 200 (?ms, 993650B)
[2026-08-01T16:00:54.901Z] GET http://localhost:5173/node_modules/.vite/deps/chunk-GUQHL3N7.js?v=1f6a80b5 → 200 (?ms, 11879B)
[2026-08-01T16:00:54.902Z] GET http://localhost:5173/node_modules/.vite/deps/chunk-IWOBEF4E.js?v=1f6a80b5 → 200 (?ms, 16214B)
[2026-08-01T16:00:54.927Z] GET http://localhost:5173/node_modules/.vite/deps/react.js?v=1f6a80b5 → 200 (?ms, 1024B)
[2026-08-01T16:00:54.928Z] GET http://localhost:5173/node_modules/.vite/deps/@mui_material.js?v=1f6a80b5 → 200 (?ms, 1529410B)
[2026-08-01T16:00:54.928Z] GET http://localhost:5173/src/components/Navbar.tsx?t=1785597970902 → 200 (7ms, 23715B)
[2026-08-01T16:00:54.928Z] GET http://localhost:5173/src/components/Hero.tsx?t=1785598520686 → 200 (7ms, 58449B)
[2026-08-01T16:00:54.928Z] GET http://localhost:5173/src/components/News.tsx?t=1785598033910 → 200 (7ms, 21865B)
[2026-08-01T16:00:54.928Z] GET http://localhost:5173/src/components/CurrentWork.tsx?t=1785599767212 → 200 (7ms, 63696B)
[2026-08-01T16:00:54.929Z] GET http://localhost:5173/src/components/Projects.tsx?t=1785598053140 → 200 (28ms, 84471B)
[2026-08-01T16:00:54.929Z] GET http://localhost:5173/src/components/Publications.tsx?t=1785598030722 → 200 (28ms, 15915B)
[2026-08-01T16:00:54.929Z] GET http://localhost:5173/src/components/Education.tsx?t=1785600023296 → 304 (7ms, ?B)
[2026-08-01T16:00:54.929Z] GET http://localhost:5173/src/components/Skills.tsx?t=1785598032660 → 200 (6ms, 19227B)
[2026-08-01T16:00:54.929Z] GET http://localhost:5173/src/components/Experience.tsx?t=1785600022222 → 304 (6ms, ?B)
[2026-08-01T16:00:54.929Z] GET http://localhost:5173/src/components/Footer.tsx?t=1785597970902 → 200 (28ms, 23111B)
[2026-08-01T16:00:54.934Z] POST https://region1.google-analytics.com/g/collect?v=2&tid=G-2XLMZ0T77H&gtm=45je67t1v9247131075za200zd9247131075&_p=1785600054895&gcd=13l3l3l2l1l1&npa=1&dma_cps=a&dma=1&_eu=AAAAAAQ&are=1&cid=183504548.1785599271&frm=0&ngs=1&pscdl=noapi&rcb=16&sr=1440x950&uaa=arm&uab=64&uafvl=Not%253AA-Brand%3B99.0.0.0%7CHeadlessChrome%3B145.0.7632.6%7CChromium%3B145.0.7632.6&uam=&uamb=0&uap=macOS&uapv=26.2.0&uaw=0&ul=en-us&_s=1&tag_exp=115616985~115938465~115938468~118395333~118897920~118897930~119896803~120222309&sid=1785599270&sct=1&seg=1&dl=http%3A%2F%2Flocalhost%2F&dt=Kostadin%20Devedzhiev%20%E2%80%94%20Human%E2%80%93AI%20Orchestration&en=page_view&_ee=1&tfd=108 → 204 (226ms, ?B)
[2026-08-01T16:00:54.934Z] GET http://localhost:5173/node_modules/.vite/deps/chunk-UY2RUKTB.js?v=1f6a80b5 → 200 (?ms, 13129B)
[2026-08-01T16:00:54.934Z] GET http://localhost:5173/node_modules/.vite/deps/chunk-5U35SIGV.js?v=1f6a80b5 → 200 (?ms, 335110B)
[2026-08-01T16:00:54.934Z] GET http://localhost:5173/node_modules/.vite/deps/chunk-EQCCHGRT.js?v=1f6a80b5 → 200 (?ms, 425B)
[2026-08-01T16:00:54.934Z] GET http://localhost:5173/node_modules/.vite/deps/chunk-GSJHEFGA.js?v=1f6a80b5 → 200 (?ms, 33795B)
[2026-08-01T16:00:54.934Z] GET http://localhost:5173/node_modules/.vite/deps/chunk-7HXCKB66.js?v=1f6a80b5 → 200 (?ms, 12731B)
[2026-08-01T16:00:54.958Z] GET http://localhost:5173/node_modules/.vite/deps/@mui_icons-material_Menu.js?v=1f6a80b5 → 200 (?ms, 929B)
[2026-08-01T16:00:54.958Z] GET http://localhost:5173/src/data/content.ts?t=1785597970902 → 200 (8ms, 76359B)
[2026-08-01T16:00:54.959Z] GET http://localhost:5173/node_modules/.vite/deps/@mui_icons-material_GitHub.js?v=1f6a80b5 → 200 (?ms, 1434B)
[2026-08-01T16:00:54.959Z] GET http://localhost:5173/node_modules/.vite/deps/@mui_icons-material_LinkedIn.js?v=1f6a80b5 → 200 (?ms, 1332B)
[2026-08-01T16:00:54.959Z] GET http://localhost:5173/node_modules/.vite/deps/@mui_icons-material_Code.js?v=1f6a80b5 → 200 (?ms, 964B)
[2026-08-01T16:00:54.959Z] GET http://localhost:5173/node_modules/.vite/deps/@mui_icons-material_School.js?v=1f6a80b5 → 200 (?ms, 962B)
[2026-08-01T16:00:54.959Z] GET http://localhost:5173/node_modules/.vite/deps/@mui_material_SvgIcon.js?v=1f6a80b5 → 200 (1ms, 2745B)
[2026-08-01T16:00:54.960Z] GET http://localhost:5173/node_modules/.vite/deps/@mui_icons-material_ContentCopy.js?v=1f6a80b5 → 200 (?ms, 1046B)
[2026-08-01T16:00:54.960Z] GET http://localhost:5173/node_modules/.vite/deps/@mui_icons-material_LocationOn.js?v=1f6a80b5 → 200 (?ms, 1072B)
[2026-08-01T16:00:54.960Z] GET http://localhost:5173/node_modules/.vite/deps/@mui_icons-material_Check.js?v=1f6a80b5 → 200 (?ms, 944B)
[2026-08-01T16:00:54.960Z] GET http://localhost:5173/src/components/RoutingDiagram.tsx → 200 (7ms, 43267B)
[2026-08-01T16:00:54.960Z] GET http://localhost:5173/node_modules/.vite/deps/@mui_icons-material_DescriptionOutlined.js?v=1f6a80b5 → 200 (?ms, 1069B)
[2026-08-01T16:00:54.961Z] GET http://localhost:5173/node_modules/.vite/deps/@mui_icons-material_SlideshowOutlined.js?v=1f6a80b5 → 200 (?ms, 1054B)
[2026-08-01T16:00:54.961Z] GET http://localhost:5173/src/components/SectionHeader.tsx → 200 (6ms, 7675B)
[2026-08-01T16:00:54.961Z] GET http://localhost:5173/node_modules/.vite/deps/@mui_icons-material_Language.js?v=1f6a80b5 → 200 (?ms, 1680B)
[2026-08-01T16:00:54.961Z] GET http://localhost:5173/node_modules/.vite/deps/@mui_icons-material_MenuBook.js?v=1f6a80b5 → 200 (?ms, 1691B)
[2026-08-01T16:00:54.961Z] GET http://localhost:5173/node_modules/.vite/deps/@mui_icons-material_Image.js?v=1f6a80b5 → 200 (?ms, 1006B)
[2026-08-01T16:00:54.961Z] GET http://localhost:5173/node_modules/.vite/deps/@mui_icons-material_Slideshow.js?v=1f6a80b5 → 200 (?ms, 1014B)
[2026-08-01T16:00:54.961Z] GET http://localhost:5173/node_modules/.vite/deps/@mui_icons-material_AutoStories.js?v=1f6a80b5 → 200 (?ms, 1244B)
[2026-08-01T16:00:54.961Z] GET http://localhost:5173/node_modules/.vite/deps/@mui_icons-material_ChevronLeft.js?v=1f6a80b5 → 200 (?ms, 970B)
[2026-08-01T16:00:54.962Z] GET http://localhost:5173/node_modules/.vite/deps/@mui_icons-material_ChevronRight.js?v=1f6a80b5 → 200 (?ms, 976B)
[2026-08-01T16:00:54.962Z] GET http://localhost:5173/src/components/SkillCovariance.tsx?t=1785599720007 → 200 (5ms, 26601B)
[2026-08-01T16:00:54.962Z] GET http://localhost:5173/src/components/SkillPipeline.tsx?t=1785599767212 → 200 (5ms, 46394B)
[2026-08-01T16:00:54.962Z] GET http://localhost:5173/node_modules/.vite/deps/@mui_icons-material_Web.js?v=1f6a80b5 → 200 (?ms, 1006B)
[2026-08-01T16:00:54.962Z] GET http://localhost:5173/node_modules/.vite/deps/@mui_icons-material_Dns.js?v=1f6a80b5 → 200 (?ms, 1138B)
[2026-08-01T16:00:54.962Z] GET http://localhost:5173/node_modules/.vite/deps/@mui_icons-material_Storage.js?v=1f6a80b5 → 200 (?ms, 978B)
[2026-08-01T16:00:54.962Z] GET http://localhost:5173/node_modules/.vite/deps/@mui_icons-material_BarChart.js?v=1f6a80b5 → 200 (?ms, 949B)
[2026-08-01T16:00:54.962Z] GET http://localhost:5173/node_modules/.vite/deps/@mui_icons-material_Psychology.js?v=1f6a80b5 → 200 (?ms, 1751B)
[2026-08-01T16:00:54.963Z] GET http://localhost:5173/node_modules/.vite/deps/@mui_icons-material_SmartToy.js?v=1f6a80b5 → 200 (?ms, 1243B)
[2026-08-01T16:00:54.963Z] GET http://localhost:5173/node_modules/.vite/deps/@mui_icons-material_Cloud.js?v=1f6a80b5 → 200 (?ms, 1046B)
[2026-08-01T16:00:54.963Z] GET http://localhost:5173/node_modules/.vite/deps/@mui_icons-material_OpenInNew.js?v=1f6a80b5 → 200 (?ms, 1040B)
[2026-08-01T16:00:54.965Z] GET http://localhost:5173/node_modules/.vite/deps/@mui_icons-material_Article.js?v=1f6a80b5 → 200 (?ms, 1019B)
[2026-08-01T16:00:54.966Z] GET http://localhost:5173/node_modules/.vite/deps/@mui_icons-material_KeyboardArrowUp.js?v=1f6a80b5 → 200 (?ms, 991B)
[2026-08-01T16:00:54.966Z] GET http://localhost:5173/node_modules/.vite/deps/@mui_icons-material_KeyboardArrowDown.js?v=1f6a80b5 → 200 (?ms, 1000B)
[2026-08-01T16:00:54.966Z] GET http://localhost:5173/node_modules/.vite/deps/@mui_icons-material_Description.js?v=1f6a80b5 → 200 (?ms, 1039B)
[2026-08-01T16:00:54.966Z] GET http://localhost:5173/node_modules/.vite/deps/@mui_icons-material_Summarize.js?v=1f6a80b5 → 200 (?ms, 1158B)
[2026-08-01T16:00:54.966Z] GET http://localhost:5173/node_modules/.vite/deps/chunk-C6WWHQR7.js?v=1f6a80b5 → 200 (?ms, 191B)
[2026-08-01T16:00:54.983Z] GET https://fonts.googleapis.com/css2?family=Space+Grotesk:wght@400;500;600;700&family=Inter:ital,opsz,wght@0,14..32,300..700;1,14..32,400&family=IBM+Plex+Mono:wght@400;500;600&display=swap → 200 (1ms, 16070B)
[2026-08-01T16:00:54.985Z] GET https://fonts.gstatic.com/s/ibmplexmono/v20/-F63fjptAgt5VM-kVkqdyU8n1i8q131nj-o.woff2 → 200 (?ms, ?B)
[2026-08-01T16:00:54.985Z] GET https://fonts.gstatic.com/s/ibmplexmono/v20/-F6qfjptAgt5VM-kVkqdyU8n3twJwlBFgsAXHNk.woff2 → 200 (?ms, ?B)
[2026-08-01T16:00:54.985Z] GET https://fonts.gstatic.com/s/ibmplexmono/v20/-F6qfjptAgt5VM-kVkqdyU8n3vAOwlBFgsAXHNk.woff2 → 200 (?ms, ?B)
[2026-08-01T16:00:54.985Z] GET https://fonts.gstatic.com/s/inter/v20/UcC53FwrK3iLTcvneQg7B5iqpJlhKnPCkaL5UUMbndwV.woff2 → 200 (?ms, ?B)
[2026-08-01T16:00:54.985Z] GET https://fonts.gstatic.com/s/inter/v20/UcCo3FwrK3iLTcvhYwYZ8UA3J58.woff2 → 200 (?ms, ?B)
[2026-08-01T16:00:54.985Z] GET https://fonts.gstatic.com/s/inter/v20/UcCo3FwrK3iLTcviYwYZ8UA3.woff2 → 200 (?ms, ?B)
[2026-08-01T16:00:54.985Z] GET https://fonts.gstatic.com/s/spacegrotesk/v22/V8mDoQDjQSkFtoMM3T6r8E7mPbF4C_k3HqU.woff2 → 200 (1ms, ?B)
[2026-08-01T16:00:55.150Z] GET http://localhost:5173/images/headshot.jpg → 304 (1ms, ?B)
[2026-08-01T16:00:55.150Z] GET http://localhost:5173/images/cambridge-logo.png → 304 (1ms, ?B)
[2026-08-01T16:00:55.151Z] GET http://localhost:5173/images/queens-cover.png → 304 (?ms, ?B)
[2026-08-01T16:00:55.151Z] GET http://localhost:5173/images/chia-cover.png → 304 (?ms, ?B)
[2026-08-01T16:00:55.151Z] GET http://localhost:5173/images/trace-cover.jpeg → 304 (?ms, ?B)
[2026-08-01T16:00:55.151Z] GET http://localhost:5173/documents/thesis/thesis-cover.svg → 304 (?ms, ?B)
[2026-08-01T16:00:55.151Z] GET http://localhost:5173/images/tailor-cover.png → 304 (?ms, ?B)
[2026-08-01T16:00:55.151Z] GET http://localhost:5173/images/stony-brook-logo.png → 304 (?ms, ?B)
[2026-08-01T16:00:55.151Z] GET http://localhost:5173/images/hawaii-hilo-logo.jpg → 304 (1ms, ?B)
[2026-08-01T16:00:55.151Z] GET http://localhost:5173/images/cert-ibm-genai.png → 304 (1ms, ?B)
[2026-08-01T16:00:55.151Z] GET http://localhost:5173/images/cert-deeplearning-ai.png → 304 (1ms, ?B)
[2026-08-01T16:00:55.151Z] GET http://localhost:5173/images/vivansa-logo.png → 304 (1ms, ?B)
[2026-08-01T16:00:59.443Z] GET http://localhost:5173/documents/papers/human-ai-collab/hapi-animated-svg.svg → 304 (3ms, ?B)
[2026-08-01T16:00:59.935Z] POST https://region1.google-analytics.com/g/collect?v=2&tid=G-2XLMZ0T77H&gtm=45je67t1v9247131075za200zd9247131075&_p=1785600054895&gcd=13l3l3l2l1l1&npa=1&dma_cps=a&dma=1&_eu=AEAAAAQ&ae=a&are=1&cid=183504548.1785599271&frm=0&ngs=1&pscdl=noapi&rcb=16&sr=1440x950&uaa=arm&uab=64&uafvl=Not%253AA-Brand%3B99.0.0.0%7CHeadlessChrome%3B145.0.7632.6%7CChromium%3B145.0.7632.6&uam=&uamb=0&uap=macOS&uapv=26.2.0&uaw=0&ul=en-us&_s=2&tag_exp=115616985~115938465~115938468~118395333~118897920~118897930~119896803~120222309&sid=1785599270&sct=1&seg=1&dl=http%3A%2F%2Flocalhost%2F&dt=Kostadin%20Devedzhiev%20%E2%80%94%20Human%E2%80%93AI%20Orchestration&en=scroll&epn.percent_scrolled=90&_et=4&tfd=5111 → 204 (89ms, ?B)
[2026-08-01T16:02:09.396Z] GET http://localhost:5173/ → 200 (16ms, 2527B)
[2026-08-01T16:02:09.415Z] POST https://region1.google-analytics.com/g/collect?v=2&tid=G-2XLMZ0T77H&gtm=45je67t1v9247131075za200zd9247131075&_p=1785600054895&gcd=13l3l3l2l1l1&npa=1&dma_cps=a&dma=1&_eu=AAAAAAQ&are=1&cid=183504548.1785599271&frm=0&ngs=1&pscdl=noapi&rcb=16&sr=390x844&uaa=arm&uab=64&uafvl=Not%253AA-Brand%3B99.0.0.0%7CHeadlessChrome%3B145.0.7632.6%7CChromium%3B145.0.7632.6&uam=&uamb=0&uap=macOS&uapv=26.2.0&uaw=0&ul=en-us&_s=3&tag_exp=115616985~115938465~115938468~118395333~118897920~118897930~119896803~120222309&sid=1785599270&sct=1&seg=1&dl=http%3A%2F%2Flocalhost%2F&dt=Kostadin%20Devedzhiev%20%E2%80%94%20Human%E2%80%93AI%20Orchestration&en=user_engagement&_et=74480&tfd=74590 → pending (?ms, ?B)
[2026-08-01T16:02:09.418Z] GET http://localhost:5173/@vite/client → 200 (3ms, 178940B)
[2026-08-01T16:02:09.418Z] GET https://www.googletagmanager.com/gtag/js?id=G-2XLMZ0T77H → 200 (?ms, 489349B)
[2026-08-01T16:02:09.419Z] GET http://localhost:5173/src/main.tsx?t=1785600023296 → 200 (2ms, 1424B)
[2026-08-01T16:02:09.419Z] GET http://localhost:5173/@react-refresh → 200 (2ms, 111894B)
[2026-08-01T16:02:09.428Z] GET http://localhost:5173/node_modules/.vite/deps/react_jsx-dev-runtime.js?v=1f6a80b5 → 200 (?ms, 12375B)
[2026-08-01T16:02:09.429Z] GET http://localhost:5173/node_modules/.vite/deps/react-dom_client.js?v=1f6a80b5 → 200 (?ms, 1946B)
[2026-08-01T16:02:09.429Z] GET http://localhost:5173/src/index.css → 200 (5ms, 5005B)
[2026-08-01T16:02:09.429Z] GET http://localhost:5173/src/App.tsx?t=1785600023296 → 200 (7ms, 22984B)
[2026-08-01T16:02:09.429Z] GET http://localhost:5173/node_modules/vite/dist/client/env.mjs → 200 (7ms, 3478B)
[2026-08-01T16:02:09.431Z] POST https://region1.google-analytics.com/g/collect?v=2&tid=G-2XLMZ0T77H&gtm=45je67t1v9247131075za200zd9247131075&_p=1785600129416&gcd=13l3l3l2l1l1&npa=1&dma_cps=a&dma=1&_eu=AAAAAAQ&are=1&cid=183504548.1785599271&frm=0&ngs=1&pscdl=noapi&rcb=4&sr=390x844&uaa=arm&uab=64&uafvl=Not%253AA-Brand%3B99.0.0.0%7CHeadlessChrome%3B145.0.7632.6%7CChromium%3B145.0.7632.6&uam=&uamb=0&uap=macOS&uapv=26.2.0&uaw=0&ul=en-us&_s=1&tag_exp=115938465~115938469~118897920~118897930~119896802&sid=1785599270&sct=1&seg=1&dl=http%3A%2F%2Flocalhost%2F&dt=Kostadin%20Devedzhiev%20%E2%80%94%20Human%E2%80%93AI%20Orchestration&en=page_view&_ee=1&tfd=37 → pending (?ms, ?B)
[2026-08-01T16:02:09.431Z] GET http://localhost:5173/node_modules/.vite/deps/chunk-RY7GF66K.js?v=1f6a80b5 → 200 (1ms, 45564B)
[2026-08-01T16:02:09.432Z] GET http://localhost:5173/node_modules/.vite/deps/chunk-G3PMV62Z.js?v=1f6a80b5 → 200 (?ms, 7968B)
[2026-08-01T16:02:09.433Z] GET http://localhost:5173/node_modules/.vite/deps/chunk-A7TE6BYH.js?v=1f6a80b5 → 200 (?ms, 993650B)
[2026-08-01T16:02:09.433Z] GET http://localhost:5173/node_modules/.vite/deps/chunk-GUQHL3N7.js?v=1f6a80b5 → 200 (?ms, 11879B)
[2026-08-01T16:02:09.433Z] GET http://localhost:5173/node_modules/.vite/deps/chunk-IWOBEF4E.js?v=1f6a80b5 → 200 (1ms, 16214B)
[2026-08-01T16:02:09.437Z] GET http://localhost:5173/node_modules/.vite/deps/react.js?v=1f6a80b5 → 200 (?ms, 1024B)
[2026-08-01T16:02:09.437Z] GET http://localhost:5173/node_modules/.vite/deps/@mui_material.js?v=1f6a80b5 → 200 (?ms, 1529410B)
[2026-08-01T16:02:09.437Z] GET http://localhost:5173/src/components/Navbar.tsx?t=1785597970902 → 200 (4ms, 23715B)
[2026-08-01T16:02:09.437Z] GET http://localhost:5173/src/components/Hero.tsx?t=1785598520686 → 200 (4ms, 58449B)
[2026-08-01T16:02:09.437Z] GET http://localhost:5173/src/components/News.tsx?t=1785598033910 → 200 (6ms, 21865B)
[2026-08-01T16:02:09.437Z] GET http://localhost:5173/src/components/CurrentWork.tsx?t=1785599767212 → 200 (15ms, 63696B)
[2026-08-01T16:02:09.438Z] GET http://localhost:5173/src/components/Projects.tsx?t=1785598053140 → 200 (14ms, 84471B)
[2026-08-01T16:02:09.438Z] GET http://localhost:5173/src/components/Publications.tsx?t=1785598030722 → 200 (6ms, 15915B)
[2026-08-01T16:02:09.438Z] GET http://localhost:5173/src/components/Education.tsx?t=1785600023296 → 200 (7ms, 31438B)
[2026-08-01T16:02:09.438Z] GET http://localhost:5173/src/components/Skills.tsx?t=1785598032660 → 200 (14ms, 19227B)
[2026-08-01T16:02:09.438Z] GET http://localhost:5173/src/components/Experience.tsx?t=1785600022222 → 200 (14ms, 30940B)
[2026-08-01T16:02:09.438Z] GET http://localhost:5173/src/components/Footer.tsx?t=1785597970902 → 200 (15ms, 23111B)
[2026-08-01T16:02:09.440Z] GET http://localhost:5173/node_modules/.vite/deps/chunk-UY2RUKTB.js?v=1f6a80b5 → 200 (?ms, 13129B)
[2026-08-01T16:02:09.440Z] GET http://localhost:5173/node_modules/.vite/deps/chunk-5U35SIGV.js?v=1f6a80b5 → 200 (?ms, 335110B)
[2026-08-01T16:02:09.440Z] GET http://localhost:5173/node_modules/.vite/deps/chunk-EQCCHGRT.js?v=1f6a80b5 → 200 (?ms, 425B)
[2026-08-01T16:02:09.440Z] GET http://localhost:5173/node_modules/.vite/deps/chunk-GSJHEFGA.js?v=1f6a80b5 → 200 (?ms, 33795B)
[2026-08-01T16:02:09.440Z] GET http://localhost:5173/node_modules/.vite/deps/chunk-7HXCKB66.js?v=1f6a80b5 → 200 (?ms, 12731B)
[2026-08-01T16:02:09.441Z] GET http://localhost:5173/node_modules/.vite/deps/@mui_icons-material_Menu.js?v=1f6a80b5 → 200 (?ms, 929B)
[2026-08-01T16:02:09.441Z] GET http://localhost:5173/src/data/content.ts?t=1785597970902 → 200 (12ms, 76359B)
[2026-08-01T16:02:09.441Z] GET http://localhost:5173/node_modules/.vite/deps/@mui_icons-material_GitHub.js?v=1f6a80b5 → 200 (2ms, 1434B)
[2026-08-01T16:02:09.443Z] GET http://localhost:5173/node_modules/.vite/deps/@mui_icons-material_LinkedIn.js?v=1f6a80b5 → 200 (?ms, 1332B)
[2026-08-01T16:02:09.443Z] GET http://localhost:5173/node_modules/.vite/deps/@mui_icons-material_Code.js?v=1f6a80b5 → 200 (?ms, 964B)
[2026-08-01T16:02:09.443Z] GET http://localhost:5173/node_modules/.vite/deps/@mui_icons-material_School.js?v=1f6a80b5 → 200 (?ms, 962B)
[2026-08-01T16:02:09.443Z] GET http://localhost:5173/node_modules/.vite/deps/@mui_material_SvgIcon.js?v=1f6a80b5 → 200 (?ms, 2745B)
[2026-08-01T16:02:09.443Z] GET http://localhost:5173/node_modules/.vite/deps/@mui_icons-material_ContentCopy.js?v=1f6a80b5 → 200 (?ms, 1046B)
[2026-08-01T16:02:09.443Z] GET http://localhost:5173/node_modules/.vite/deps/@mui_icons-material_LocationOn.js?v=1f6a80b5 → 200 (?ms, 1072B)
[2026-08-01T16:02:09.443Z] GET http://localhost:5173/node_modules/.vite/deps/@mui_icons-material_Check.js?v=1f6a80b5 → 200 (?ms, 944B)
[2026-08-01T16:02:09.443Z] GET http://localhost:5173/src/components/RoutingDiagram.tsx → 200 (10ms, 43267B)
[2026-08-01T16:02:09.443Z] GET http://localhost:5173/node_modules/.vite/deps/chunk-C6WWHQR7.js?v=1f6a80b5 → 200 (?ms, 191B)
[2026-08-01T16:02:09.444Z] GET http://localhost:5173/node_modules/.vite/deps/@mui_icons-material_DescriptionOutlined.js?v=1f6a80b5 → 200 (?ms, 1069B)
[2026-08-01T16:02:09.444Z] GET http://localhost:5173/node_modules/.vite/deps/@mui_icons-material_SlideshowOutlined.js?v=1f6a80b5 → 200 (?ms, 1054B)
[2026-08-01T16:02:09.444Z] GET http://localhost:5173/src/components/SectionHeader.tsx → 200 (9ms, 7675B)
[2026-08-01T16:02:09.444Z] GET http://localhost:5173/node_modules/.vite/deps/@mui_icons-material_Article.js?v=1f6a80b5 → 200 (?ms, 1019B)
[2026-08-01T16:02:09.445Z] GET http://localhost:5173/node_modules/.vite/deps/@mui_icons-material_OpenInNew.js?v=1f6a80b5 → 200 (?ms, 1040B)
[2026-08-01T16:02:09.479Z] GET http://localhost:5173/node_modules/.vite/deps/@mui_icons-material_Language.js?v=1f6a80b5 → 200 (?ms, 1680B)
[2026-08-01T16:02:09.479Z] GET http://localhost:5173/node_modules/.vite/deps/@mui_icons-material_MenuBook.js?v=1f6a80b5 → 200 (?ms, 1691B)
[2026-08-01T16:02:09.479Z] GET http://localhost:5173/node_modules/.vite/deps/@mui_icons-material_Image.js?v=1f6a80b5 → 200 (?ms, 1006B)
[2026-08-01T16:02:09.479Z] GET http://localhost:5173/node_modules/.vite/deps/@mui_icons-material_Slideshow.js?v=1f6a80b5 → 200 (1ms, 1014B)
[2026-08-01T16:02:09.480Z] GET http://localhost:5173/node_modules/.vite/deps/@mui_icons-material_AutoStories.js?v=1f6a80b5 → 200 (?ms, 1244B)
[2026-08-01T16:02:09.480Z] GET http://localhost:5173/node_modules/.vite/deps/@mui_icons-material_ChevronLeft.js?v=1f6a80b5 → 200 (?ms, 970B)
[2026-08-01T16:02:09.480Z] GET http://localhost:5173/node_modules/.vite/deps/@mui_icons-material_ChevronRight.js?v=1f6a80b5 → 200 (?ms, 976B)
[2026-08-01T16:02:09.480Z] GET http://localhost:5173/src/components/SkillCovariance.tsx?t=1785599720007 → 200 (3ms, 26601B)
[2026-08-01T16:02:09.480Z] GET http://localhost:5173/src/components/SkillPipeline.tsx?t=1785599767212 → 200 (3ms, 46394B)
[2026-08-01T16:02:09.480Z] GET http://localhost:5173/node_modules/.vite/deps/@mui_icons-material_Web.js?v=1f6a80b5 → 200 (?ms, 1006B)
[2026-08-01T16:02:09.480Z] GET http://localhost:5173/node_modules/.vite/deps/@mui_icons-material_Dns.js?v=1f6a80b5 → 200 (?ms, 1138B)
[2026-08-01T16:02:09.481Z] GET http://localhost:5173/node_modules/.vite/deps/@mui_icons-material_Storage.js?v=1f6a80b5 → 200 (?ms, 978B)
[2026-08-01T16:02:09.481Z] GET http://localhost:5173/node_modules/.vite/deps/@mui_icons-material_BarChart.js?v=1f6a80b5 → 200 (?ms, 949B)
[2026-08-01T16:02:09.481Z] GET http://localhost:5173/node_modules/.vite/deps/@mui_icons-material_Psychology.js?v=1f6a80b5 → 200 (?ms, 1751B)
[2026-08-01T16:02:09.481Z] GET http://localhost:5173/node_modules/.vite/deps/@mui_icons-material_SmartToy.js?v=1f6a80b5 → 200 (?ms, 1243B)
[2026-08-01T16:02:09.481Z] GET http://localhost:5173/node_modules/.vite/deps/@mui_icons-material_Cloud.js?v=1f6a80b5 → 200 (?ms, 1046B)
[2026-08-01T16:02:09.481Z] GET http://localhost:5173/node_modules/.vite/deps/@mui_icons-material_KeyboardArrowDown.js?v=1f6a80b5 → 200 (?ms, 1000B)
[2026-08-01T16:02:09.481Z] GET http://localhost:5173/node_modules/.vite/deps/@mui_icons-material_Description.js?v=1f6a80b5 → 200 (?ms, 1039B)
[2026-08-01T16:02:09.482Z] GET http://localhost:5173/node_modules/.vite/deps/@mui_icons-material_Summarize.js?v=1f6a80b5 → 200 (?ms, 1158B)
[2026-08-01T16:02:09.482Z] GET http://localhost:5173/node_modules/.vite/deps/@mui_icons-material_KeyboardArrowUp.js?v=1f6a80b5 → 200 (?ms, 991B)
[2026-08-01T16:02:09.494Z] GET https://fonts.googleapis.com/css2?family=Space+Grotesk:wght@400;500;600;700&family=Inter:ital,opsz,wght@0,14..32,300..700;1,14..32,400&family=IBM+Plex+Mono:wght@400;500;600&display=swap → 200 (?ms, ?B)
[2026-08-01T16:02:09.495Z] GET https://fonts.gstatic.com/s/ibmplexmono/v20/-F63fjptAgt5VM-kVkqdyU8n1i8q131nj-o.woff2 → 200 (?ms, ?B)
[2026-08-01T16:02:09.495Z] GET https://fonts.gstatic.com/s/ibmplexmono/v20/-F6qfjptAgt5VM-kVkqdyU8n3twJwlBFgsAXHNk.woff2 → 200 (?ms, ?B)
[2026-08-01T16:02:09.495Z] GET https://fonts.gstatic.com/s/ibmplexmono/v20/-F6qfjptAgt5VM-kVkqdyU8n3vAOwlBFgsAXHNk.woff2 → 200 (?ms, ?B)
[2026-08-01T16:02:09.495Z] GET https://fonts.gstatic.com/s/inter/v20/UcC53FwrK3iLTcvneQg7B5iqpJlhKnPCkaL5UUMbndwV.woff2 → 200 (?ms, ?B)
[2026-08-01T16:02:09.495Z] GET https://fonts.gstatic.com/s/inter/v20/UcCo3FwrK3iLTcvhYwYZ8UA3J58.woff2 → 200 (?ms, ?B)
[2026-08-01T16:02:09.495Z] GET https://fonts.gstatic.com/s/inter/v20/UcCo3FwrK3iLTcviYwYZ8UA3.woff2 → 200 (?ms, ?B)
[2026-08-01T16:02:09.495Z] GET https://fonts.gstatic.com/s/spacegrotesk/v22/V8mDoQDjQSkFtoMM3T6r8E7mPbF4C_k3HqU.woff2 → 200 (?ms, ?B)
[2026-08-01T16:02:09.658Z] GET http://localhost:5173/images/headshot.jpg → 304 (1ms, ?B)
[2026-08-01T16:02:09.658Z] GET http://localhost:5173/images/cambridge-logo.png → 304 (1ms, ?B)
[2026-08-01T16:02:09.658Z] GET http://localhost:5173/images/queens-cover.png → 304 (1ms, ?B)
[2026-08-01T16:02:09.658Z] GET http://localhost:5173/images/chia-cover.png → 304 (1ms, ?B)
[2026-08-01T16:02:09.658Z] GET http://localhost:5173/images/trace-cover.jpeg → 304 (1ms, ?B)
[2026-08-01T16:02:09.659Z] GET http://localhost:5173/documents/thesis/thesis-cover.svg → 304 (?ms, ?B)
[2026-08-01T16:02:09.659Z] GET http://localhost:5173/images/tailor-cover.png → 304 (?ms, ?B)
[2026-08-01T16:02:09.659Z] GET http://localhost:5173/images/stony-brook-logo.png → 304 (?ms, ?B)
[2026-08-01T16:02:09.659Z] GET http://localhost:5173/images/hawaii-hilo-logo.jpg → 304 (?ms, ?B)
[2026-08-01T16:02:09.659Z] GET http://localhost:5173/images/cert-ibm-genai.png → 304 (1ms, ?B)
[2026-08-01T16:02:09.659Z] GET http://localhost:5173/images/cert-deeplearning-ai.png → 304 (1ms, ?B)
[2026-08-01T16:02:09.659Z] GET http://localhost:5173/images/vivansa-logo.png → 304 (1ms, ?B)
[2026-08-01T16:02:14.434Z] POST https://region1.google-analytics.com/g/collect?v=2&tid=G-2XLMZ0T77H&gtm=45je67t1v9247131075za200zd9247131075&_p=1785600129416&gcd=13l3l3l2l1l1&npa=1&dma_cps=a&dma=1&_eu=AEAAAAQ&ae=a&are=1&cid=183504548.1785599271&frm=0&ngs=1&pscdl=noapi&rcb=4&sr=390x844&uaa=arm&uab=64&uafvl=Not%253AA-Brand%3B99.0.0.0%7CHeadlessChrome%3B145.0.7632.6%7CChromium%3B145.0.7632.6&uam=&uamb=0&uap=macOS&uapv=26.2.0&uaw=0&ul=en-us&_s=2&tag_exp=115938465~115938469~118897920~118897930~119896802&sid=1785599270&sct=1&seg=1&dl=http%3A%2F%2Flocalhost%2F&dt=Kostadin%20Devedzhiev%20%E2%80%94%20Human%E2%80%93AI%20Orchestration&en=scroll&epn.percent_scrolled=90&_et=2&tfd=5039 → 204 (114ms, ?B)
[2026-08-01T16:03:19.061Z] GET http://localhost:5173/documents/papers/human-ai-collab/hapi-animated-svg.svg → 304 (7ms, ?B)
[2026-08-01T16:03:19.069Z] GET http://localhost:5310/ → 200 (3ms, 2354B)
[2026-08-01T16:03:19.076Z] POST https://region1.google-analytics.com/g/collect?v=2&tid=G-2XLMZ0T77H&gtm=45je67t1v9247131075za200zd9247131075&_p=1785600129416&gcd=13l3l3l2l1l1&npa=1&dma_cps=a&dma=1&_eu=AAAAAAQ&are=1&cid=183504548.1785599271&frm=0&ngs=1&pscdl=noapi&rcb=4&sr=1440x950&uaa=arm&uab=64&uafvl=Not%253AA-Brand%3B99.0.0.0%7CHeadlessChrome%3B145.0.7632.6%7CChromium%3B145.0.7632.6&uam=&uamb=0&uap=macOS&uapv=26.2.0&uaw=0&ul=en-us&_s=3&tag_exp=115938465~115938469~118897920~118897930~119896802&sid=1785599270&sct=1&seg=1&dl=http%3A%2F%2Flocalhost%2F&dt=Kostadin%20Devedzhiev%20%E2%80%94%20Human%E2%80%93AI%20Orchestration&en=user_engagement&_et=69642&tfd=69681 → pending (?ms, ?B)
[2026-08-01T16:03:19.077Z] GET https://www.googletagmanager.com/gtag/js?id=G-2XLMZ0T77H → pending (?ms, ?B)
[2026-08-01T16:03:19.077Z] GET http://localhost:5310/assets/index-tjyb9Gg_.js → 200 (9ms, 527720B)
[2026-08-01T16:03:19.077Z] GET http://localhost:5310/assets/index-BHwxHIy9.css → 200 (1ms, 3128B)
[2026-08-01T16:03:19.079Z] GET https://fonts.googleapis.com/css2?family=Space+Grotesk:wght@400;500;600;700&family=Inter:ital,opsz,wght@0,14..32,300..700;1,14..32,400&family=IBM+Plex+Mono:wght@400;500;600&display=swap → 200 (?ms, 16070B)
[2026-08-01T16:03:19.167Z] GET https://fonts.gstatic.com/s/ibmplexmono/v20/-F6qfjptAgt5VM-kVkqdyU8n3vAOwlBFgsAXHNk.woff2 → 200 (1ms, 10120B)
[2026-08-01T16:03:19.167Z] GET https://fonts.gstatic.com/s/ibmplexmono/v20/-F6qfjptAgt5VM-kVkqdyU8n3twJwlBFgsAXHNk.woff2 → 200 (2ms, 10060B)
[2026-08-01T16:03:19.167Z] GET https://fonts.gstatic.com/s/spacegrotesk/v22/V8mDoQDjQSkFtoMM3T6r8E7mPbF4C_k3HqU.woff2 → 200 (2ms, 22320B)
[2026-08-01T16:03:19.167Z] GET https://fonts.gstatic.com/s/inter/v20/UcCo3FwrK3iLTcviYwYZ8UA3.woff2 → 200 (3ms, 73016B)
[2026-08-01T16:03:19.167Z] GET https://fonts.gstatic.com/s/ibmplexmono/v20/-F63fjptAgt5VM-kVkqdyU8n1i8q131nj-o.woff2 → 200 (2ms, 10052B)
[2026-08-01T16:03:19.168Z] GET https://fonts.gstatic.com/s/inter/v20/UcC53FwrK3iLTcvneQg7B5iqpJlhKnPCkaL5UUMbndwV.woff2 → 200 (1ms, 37544B)
[2026-08-01T16:03:19.168Z] GET http://localhost:5310/images/headshot.jpg → 200 (20ms, 400549B)
[2026-08-01T16:03:19.168Z] GET http://localhost:5310/images/cambridge-logo.png → 200 (20ms, 58265B)
[2026-08-01T16:03:19.168Z] GET http://localhost:5310/images/queens-cover.png → 200 (20ms, 48864B)
[2026-08-01T16:03:19.168Z] GET http://localhost:5310/images/chia-cover.png → 200 (20ms, 8289B)
[2026-08-01T16:03:19.168Z] GET http://localhost:5310/images/trace-cover.jpeg → 200 (14ms, 33584B)
[2026-08-01T16:03:19.168Z] GET http://localhost:5310/documents/thesis/thesis-cover.svg → 200 (19ms, 9099B)
[2026-08-01T16:03:19.168Z] GET http://localhost:5310/images/tailor-cover.png → 200 (20ms, 317970B)
[2026-08-01T16:03:19.168Z] GET http://localhost:5310/images/stony-brook-logo.png → 200 (20ms, 49805B)
[2026-08-01T16:03:19.168Z] GET http://localhost:5310/images/hawaii-hilo-logo.jpg → 200 (20ms, 59669B)
[2026-08-01T16:03:19.168Z] GET http://localhost:5310/images/cert-ibm-genai.png → 200 (20ms, 176343B)
[2026-08-01T16:03:19.168Z] GET http://localhost:5310/images/cert-deeplearning-ai.png → 200 (21ms, 44291B)
[2026-08-01T16:03:19.168Z] GET http://localhost:5310/images/vivansa-logo.png → 200 (21ms, 13650B)
[2026-08-01T16:03:25.217Z] POST https://region1.google-analytics.com/g/collect?v=2&tid=G-2XLMZ0T77H&gtm=45je67t1v9247131075za200zd9247131075&_p=1785600199077&gcd=13l3l3l2l1l1&npa=1&dma_cps=a&dma=1&_eu=AAAAAAQ&are=1&cid=183504548.1785599271&frm=0&ngs=1&pscdl=noapi&rcb=11&sr=1440x950&uaa=arm&uab=64&uafvl=Not%253AA-Brand%3B99.0.0.0%7CHeadlessChrome%3B145.0.7632.6%7CChromium%3B145.0.7632.6&uam=&uamb=0&uap=macOS&uapv=26.2.0&uaw=0&ul=en-us&_s=1&tag_exp=115616986~115938465~115938469~118012008~118897920~118897930~119896803~120222307&sid=1785599270&sct=1&seg=1&dl=http%3A%2F%2Flocalhost%2F&dt=Kostadin%20Devedzhiev%20%E2%80%94%20Human%E2%80%93AI%20Orchestration&en=page_view&_ee=1&tfd=6148 → 204 (74ms, ?B)
[2026-08-01T16:04:08.064Z] GET https://fonts.gstatic.com/s/inter/v20/UcCo3FwrK3iLTcvhYwYZ8UA3J58.woff2 → 200 (1ms, 30256B)
[2026-08-01T16:13:13.825Z] GET http://localhost:5173/ → 200 (32ms, 2527B)
[2026-08-01T16:13:13.910Z] POST https://region1.google-analytics.com/g/collect?v=2&tid=G-2XLMZ0T77H&gtm=45je67t1v9247131075za200zd9247131075&_p=1785600199077&gcd=13l3l3l2l1l1&npa=1&dma_cps=a&dma=1&_eu=AAAAAAQ&are=1&cid=183504548.1785599271&frm=0&ngs=1&pscdl=noapi&rcb=11&sr=1440x950&uaa=arm&uab=64&uafvl=Not%253AA-Brand%3B99.0.0.0%7CHeadlessChrome%3B145.0.7632.6%7CChromium%3B145.0.7632.6&uam=&uamb=0&uap=macOS&uapv=26.2.0&uaw=0&ul=en-us&_s=2&tag_exp=115616986~115938465~115938469~118012008~118897920~118897930~119896803~120222307&sid=1785599270&sct=1&seg=1&dl=http%3A%2F%2Flocalhost%2F&dt=Kostadin%20Devedzhiev%20%E2%80%94%20Human%E2%80%93AI%20Orchestration&en=user_engagement&_et=593658&tfd=594834 → pending (?ms, ?B)
[2026-08-01T16:13:13.931Z] GET http://localhost:5173/@vite/client → 200 (2ms, 178940B)
[2026-08-01T16:13:13.931Z] GET https://www.googletagmanager.com/gtag/js?id=G-2XLMZ0T77H → 200 (10ms, 489349B)
[2026-08-01T16:13:13.931Z] GET http://localhost:5173/src/main.tsx?t=1785600023296 → 200 (2ms, 1424B)
[2026-08-01T16:13:13.939Z] GET http://localhost:5173/@react-refresh → 200 (30ms, 111894B)
[2026-08-01T16:13:13.939Z] GET http://localhost:5173/node_modules/vite/dist/client/env.mjs → 200 (30ms, 3478B)
[2026-08-01T16:13:13.940Z] GET http://localhost:5173/node_modules/.vite/deps/react_jsx-dev-runtime.js?v=1f6a80b5 → 200 (29ms, 12375B)
[2026-08-01T16:13:13.940Z] GET http://localhost:5173/node_modules/.vite/deps/react-dom_client.js?v=1f6a80b5 → 200 (29ms, 1946B)
[2026-08-01T16:13:13.940Z] GET http://localhost:5173/src/index.css → 200 (30ms, 5005B)
[2026-08-01T16:13:13.940Z] GET http://localhost:5173/src/App.tsx?t=1785600023296 → 200 (30ms, 22984B)
[2026-08-01T16:13:13.976Z] GET http://localhost:5173/node_modules/.vite/deps/chunk-RY7GF66K.js?v=1f6a80b5 → 200 (7ms, 45564B)
[2026-08-01T16:13:13.977Z] GET http://localhost:5173/node_modules/.vite/deps/chunk-G3PMV62Z.js?v=1f6a80b5 → 200 (6ms, 7968B)
[2026-08-01T16:13:13.977Z] GET http://localhost:5173/node_modules/.vite/deps/chunk-A7TE6BYH.js?v=1f6a80b5 → 200 (42ms, 993650B)
[2026-08-01T16:13:13.977Z] GET http://localhost:5173/node_modules/.vite/deps/chunk-GUQHL3N7.js?v=1f6a80b5 → 200 (6ms, 11879B)
[2026-08-01T16:13:13.977Z] GET http://localhost:5173/node_modules/.vite/deps/chunk-IWOBEF4E.js?v=1f6a80b5 → 200 (7ms, 16214B)
[2026-08-01T16:13:13.977Z] GET http://localhost:5173/node_modules/.vite/deps/react.js?v=1f6a80b5 → 200 (7ms, 1024B)
[2026-08-01T16:13:13.978Z] GET http://localhost:5173/node_modules/.vite/deps/@mui_material.js?v=1f6a80b5 → 200 (60ms, 1529410B)
[2026-08-01T16:13:13.978Z] GET http://localhost:5173/src/components/Navbar.tsx?t=1785597970902 → 200 (15ms, 23715B)
[2026-08-01T16:13:13.978Z] GET http://localhost:5173/src/components/Hero.tsx?t=1785598520686 → 200 (15ms, 58449B)
[2026-08-01T16:13:13.978Z] GET http://localhost:5173/src/components/News.tsx?t=1785598033910 → 200 (15ms, 21865B)
[2026-08-01T16:13:13.978Z] GET http://localhost:5173/src/components/CurrentWork.tsx?t=1785599767212 → 200 (16ms, 63696B)
[2026-08-01T16:13:13.978Z] GET http://localhost:5173/src/components/Projects.tsx?t=1785598053140 → 200 (19ms, 84471B)
[2026-08-01T16:13:13.978Z] GET http://localhost:5173/src/components/Publications.tsx?t=1785598030722 → 200 (16ms, 15915B)
[2026-08-01T16:13:13.978Z] GET http://localhost:5173/src/components/Education.tsx?t=1785600023296 → 200 (19ms, 31438B)
[2026-08-01T16:13:13.978Z] GET http://localhost:5173/src/components/Skills.tsx?t=1785598032660 → 200 (19ms, 19227B)
[2026-08-01T16:13:13.978Z] GET http://localhost:5173/src/components/Experience.tsx?t=1785600022222 → 200 (19ms, 30940B)
[2026-08-01T16:13:13.978Z] GET http://localhost:5173/src/components/Footer.tsx?t=1785597970902 → 200 (20ms, 23111B)
[2026-08-01T16:13:13.982Z] POST https://region1.google-analytics.com/g/collect?v=2&tid=G-2XLMZ0T77H&gtm=45je67t1v9247131075za200zd9247131075&_p=1785600793936&gcd=13l3l3l2l1l1&npa=1&dma_cps=a&dma=1&_eu=AAAAAAQ&are=1&cid=183504548.1785599271&frm=0&ngs=1&pscdl=noapi&rcb=17&sr=1440x950&uaa=arm&uab=64&uafvl=Not%253AA-Brand%3B99.0.0.0%7CHeadlessChrome%3B145.0.7632.6%7CChromium%3B145.0.7632.6&uam=&uamb=0&uap=macOS&uapv=26.2.0&uaw=0&ul=en-us&_s=1&tag_exp=115616985~115938465~115938468~118395333~118897920~118897930~119896802&sid=1785599270&sct=1&seg=1&dl=http%3A%2F%2Flocalhost%2F&dt=Kostadin%20Devedzhiev%20%E2%80%94%20Human%E2%80%93AI%20Orchestration&en=page_view&_ee=1&tfd=170 → pending (?ms, ?B)
[2026-08-01T16:13:13.994Z] GET http://localhost:5173/node_modules/.vite/deps/@mui_icons-material_Menu.js?v=1f6a80b5 → 200 (10ms, 929B)
[2026-08-01T16:13:13.994Z] GET http://localhost:5173/src/data/content.ts?t=1785597970902 → 200 (19ms, 76359B)
[2026-08-01T16:13:13.994Z] GET http://localhost:5173/node_modules/.vite/deps/@mui_icons-material_GitHub.js?v=1f6a80b5 → 200 (11ms, 1434B)
[2026-08-01T16:13:13.995Z] GET http://localhost:5173/node_modules/.vite/deps/@mui_icons-material_LinkedIn.js?v=1f6a80b5 → 200 (10ms, 1332B)
[2026-08-01T16:13:13.995Z] GET http://localhost:5173/node_modules/.vite/deps/@mui_icons-material_Code.js?v=1f6a80b5 → 200 (10ms, 964B)
[2026-08-01T16:13:13.995Z] GET http://localhost:5173/node_modules/.vite/deps/@mui_icons-material_School.js?v=1f6a80b5 → 200 (10ms, 962B)
[2026-08-01T16:13:13.995Z] GET http://localhost:5173/node_modules/.vite/deps/@mui_material_SvgIcon.js?v=1f6a80b5 → 200 (10ms, 2745B)
[2026-08-01T16:13:13.995Z] GET http://localhost:5173/node_modules/.vite/deps/@mui_icons-material_ContentCopy.js?v=1f6a80b5 → 200 (10ms, 1046B)
[2026-08-01T16:13:13.995Z] GET http://localhost:5173/node_modules/.vite/deps/@mui_icons-material_LocationOn.js?v=1f6a80b5 → 200 (10ms, 1072B)
[2026-08-01T16:13:13.995Z] GET http://localhost:5173/node_modules/.vite/deps/@mui_icons-material_Check.js?v=1f6a80b5 → 200 (11ms, 944B)
[2026-08-01T16:13:13.995Z] GET http://localhost:5173/src/components/RoutingDiagram.tsx → 200 (17ms, 43267B)
[2026-08-01T16:13:13.995Z] GET http://localhost:5173/node_modules/.vite/deps/@mui_icons-material_DescriptionOutlined.js?v=1f6a80b5 → 200 (12ms, 1069B)
[2026-08-01T16:13:13.995Z] GET http://localhost:5173/node_modules/.vite/deps/@mui_icons-material_SlideshowOutlined.js?v=1f6a80b5 → 200 (12ms, 1054B)
[2026-08-01T16:13:13.995Z] GET http://localhost:5173/src/components/SectionHeader.tsx → 200 (18ms, 7675B)
[2026-08-01T16:13:13.996Z] GET http://localhost:5173/node_modules/.vite/deps/@mui_icons-material_Language.js?v=1f6a80b5 → 200 (12ms, 1680B)
[2026-08-01T16:13:13.996Z] GET http://localhost:5173/node_modules/.vite/deps/@mui_icons-material_MenuBook.js?v=1f6a80b5 → 200 (14ms, 1691B)
[2026-08-01T16:13:13.996Z] GET http://localhost:5173/node_modules/.vite/deps/@mui_icons-material_Image.js?v=1f6a80b5 → 200 (14ms, 1006B)
[2026-08-01T16:13:13.996Z] GET http://localhost:5173/node_modules/.vite/deps/@mui_icons-material_Slideshow.js?v=1f6a80b5 → 200 (14ms, 1014B)
[2026-08-01T16:13:13.996Z] GET http://localhost:5173/node_modules/.vite/deps/@mui_icons-material_AutoStories.js?v=1f6a80b5 → 200 (12ms, 1244B)
[2026-08-01T16:13:13.996Z] GET http://localhost:5173/node_modules/.vite/deps/@mui_icons-material_ChevronLeft.js?v=1f6a80b5 → 200 (14ms, 970B)
[2026-08-01T16:13:13.996Z] GET http://localhost:5173/node_modules/.vite/deps/@mui_icons-material_ChevronRight.js?v=1f6a80b5 → 200 (14ms, 976B)
[2026-08-01T16:13:13.996Z] GET http://localhost:5173/src/components/SkillCovariance.tsx?t=1785599720007 → 200 (17ms, 26601B)
[2026-08-01T16:13:13.996Z] GET http://localhost:5173/src/components/SkillPipeline.tsx?t=1785599767212 → 200 (17ms, 46394B)
[2026-08-01T16:13:13.996Z] GET http://localhost:5173/node_modules/.vite/deps/@mui_icons-material_Article.js?v=1f6a80b5 → 200 (14ms, 1019B)
[2026-08-01T16:13:13.997Z] GET http://localhost:5173/node_modules/.vite/deps/@mui_icons-material_KeyboardArrowDown.js?v=1f6a80b5 → 200 (13ms, 1000B)
[2026-08-01T16:13:13.997Z] GET http://localhost:5173/node_modules/.vite/deps/@mui_icons-material_Description.js?v=1f6a80b5 → 200 (13ms, 1039B)
[2026-08-01T16:13:13.997Z] GET http://localhost:5173/node_modules/.vite/deps/@mui_icons-material_Summarize.js?v=1f6a80b5 → 200 (14ms, 1158B)
[2026-08-01T16:13:13.997Z] GET http://localhost:5173/node_modules/.vite/deps/@mui_icons-material_OpenInNew.js?v=1f6a80b5 → 200 (14ms, 1040B)
[2026-08-01T16:13:13.997Z] GET http://localhost:5173/node_modules/.vite/deps/@mui_icons-material_Web.js?v=1f6a80b5 → 200 (14ms, 1006B)
[2026-08-01T16:13:13.997Z] GET http://localhost:5173/node_modules/.vite/deps/@mui_icons-material_Dns.js?v=1f6a80b5 → 200 (14ms, 1138B)
[2026-08-01T16:13:13.997Z] GET http://localhost:5173/node_modules/.vite/deps/@mui_icons-material_Storage.js?v=1f6a80b5 → 200 (15ms, 978B)
[2026-08-01T16:13:13.997Z] GET http://localhost:5173/node_modules/.vite/deps/@mui_icons-material_BarChart.js?v=1f6a80b5 → 200 (15ms, 949B)
[2026-08-01T16:13:13.997Z] GET http://localhost:5173/node_modules/.vite/deps/@mui_icons-material_Psychology.js?v=1f6a80b5 → 200 (15ms, 1751B)
[2026-08-01T16:13:13.997Z] GET http://localhost:5173/node_modules/.vite/deps/@mui_icons-material_SmartToy.js?v=1f6a80b5 → 200 (15ms, 1243B)
[2026-08-01T16:13:13.997Z] GET http://localhost:5173/node_modules/.vite/deps/@mui_icons-material_Cloud.js?v=1f6a80b5 → 200 (16ms, 1046B)
[2026-08-01T16:13:13.998Z] GET http://localhost:5173/node_modules/.vite/deps/@mui_icons-material_KeyboardArrowUp.js?v=1f6a80b5 → 200 (15ms, 991B)
[2026-08-01T16:13:14.004Z] GET http://localhost:5173/node_modules/.vite/deps/chunk-C6WWHQR7.js?v=1f6a80b5 → 200 (9ms, 191B)
[2026-08-01T16:13:14.004Z] GET http://localhost:5173/node_modules/.vite/deps/chunk-UY2RUKTB.js?v=1f6a80b5 → 200 (9ms, 13129B)
[2026-08-01T16:13:14.004Z] GET http://localhost:5173/node_modules/.vite/deps/chunk-5U35SIGV.js?v=1f6a80b5 → 200 (34ms, 335110B)
[2026-08-01T16:13:14.004Z] GET http://localhost:5173/node_modules/.vite/deps/chunk-EQCCHGRT.js?v=1f6a80b5 → 200 (12ms, 425B)
[2026-08-01T16:13:14.004Z] GET http://localhost:5173/node_modules/.vite/deps/chunk-GSJHEFGA.js?v=1f6a80b5 → 200 (13ms, 33795B)
[2026-08-01T16:13:14.004Z] GET http://localhost:5173/node_modules/.vite/deps/chunk-7HXCKB66.js?v=1f6a80b5 → 200 (14ms, 12731B)
[2026-08-01T16:13:14.072Z] GET https://fonts.googleapis.com/css2?family=Space+Grotesk:wght@400;500;600;700&family=Inter:ital,opsz,wght@0,14..32,300..700;1,14..32,400&family=IBM+Plex+Mono:wght@400;500;600&display=swap → 200 (2ms, ?B)
[2026-08-01T16:13:14.284Z] GET https://fonts.gstatic.com/s/ibmplexmono/v20/-F6qfjptAgt5VM-kVkqdyU8n3vAOwlBFgsAXHNk.woff2 → 200 (4ms, 10120B)
[2026-08-01T16:13:14.284Z] GET https://fonts.gstatic.com/s/ibmplexmono/v20/-F6qfjptAgt5VM-kVkqdyU8n3twJwlBFgsAXHNk.woff2 → 200 (3ms, 10060B)
[2026-08-01T16:13:14.284Z] GET https://fonts.gstatic.com/s/spacegrotesk/v22/V8mDoQDjQSkFtoMM3T6r8E7mPbF4C_k3HqU.woff2 → 200 (3ms, 22320B)
[2026-08-01T16:13:14.284Z] GET https://fonts.gstatic.com/s/inter/v20/UcCo3FwrK3iLTcviYwYZ8UA3.woff2 → 200 (2ms, 73016B)
[2026-08-01T16:13:14.284Z] GET https://fonts.gstatic.com/s/ibmplexmono/v20/-F63fjptAgt5VM-kVkqdyU8n1i8q131nj-o.woff2 → 200 (2ms, 10052B)
[2026-08-01T16:13:14.284Z] GET https://fonts.gstatic.com/s/inter/v20/UcC53FwrK3iLTcvneQg7B5iqpJlhKnPCkaL5UUMbndwV.woff2 → 200 (4ms, 37544B)
[2026-08-01T16:13:14.284Z] GET http://localhost:5173/images/headshot.jpg → 200 (30ms, 400549B)
[2026-08-01T16:13:14.284Z] GET http://localhost:5173/images/cambridge-logo.png → 200 (31ms, 58265B)
[2026-08-01T16:13:14.284Z] GET http://localhost:5173/images/queens-cover.png → 200 (31ms, 48864B)
[2026-08-01T16:13:14.285Z] GET http://localhost:5173/images/chia-cover.png → 200 (39ms, 8289B)
[2026-08-01T16:13:14.285Z] GET http://localhost:5173/images/trace-cover.jpeg → 200 (39ms, 33584B)
[2026-08-01T16:13:14.285Z] GET http://localhost:5173/documents/thesis/thesis-cover.svg → 200 (39ms, 9049B)
[2026-08-01T16:13:14.285Z] GET http://localhost:5173/images/tailor-cover.png → 200 (39ms, 317970B)
[2026-08-01T16:13:14.285Z] GET http://localhost:5173/images/stony-brook-logo.png → 200 (39ms, 49805B)
[2026-08-01T16:13:14.285Z] GET http://localhost:5173/images/hawaii-hilo-logo.jpg → 200 (40ms, 59669B)
[2026-08-01T16:13:14.285Z] GET http://localhost:5173/images/cert-ibm-genai.png → 200 (40ms, 176343B)
[2026-08-01T16:13:14.286Z] GET http://localhost:5173/images/cert-deeplearning-ai.png → 200 (39ms, 44291B)
[2026-08-01T16:13:14.286Z] GET http://localhost:5173/images/vivansa-logo.png → 200 (39ms, 13650B)
[2026-08-01T16:13:18.992Z] POST https://region1.google-analytics.com/g/collect?v=2&tid=G-2XLMZ0T77H&gtm=45je67t1v9247131075za200zd9247131075&_p=1785600793936&gcd=13l3l3l2l1l1&npa=1&dma_cps=a&dma=1&_eu=AEAAAAQ&ae=a&are=1&cid=183504548.1785599271&frm=0&ngs=1&pscdl=noapi&rcb=17&sr=1440x950&uaa=arm&uab=64&uafvl=Not%253AA-Brand%3B99.0.0.0%7CHeadlessChrome%3B145.0.7632.6%7CChromium%3B145.0.7632.6&uam=&uamb=0&uap=macOS&uapv=26.2.0&uaw=0&ul=en-us&_s=2&tag_exp=115616985~115938465~115938468~118395333~118897920~118897930~119896802&sid=1785599270&sct=1&seg=1&dl=http%3A%2F%2Flocalhost%2F&dt=Kostadin%20Devedzhiev%20%E2%80%94%20Human%E2%80%93AI%20Orchestration&en=scroll&epn.percent_scrolled=90&_et=3&tfd=5171 → 204 (87ms, ?B)
[2026-08-01T16:19:32.954Z] GET http://localhost:5173/src/components/Navbar.tsx?t=1785601172882 → 200 (64ms, 23715B)
[2026-08-01T16:19:32.956Z] GET http://localhost:5173/src/components/Education.tsx?t=1785601172882 → 200 (61ms, 31438B)
[2026-08-01T16:19:32.956Z] GET http://localhost:5173/src/components/Footer.tsx?t=1785601172882 → 200 (56ms, 23111B)
[2026-08-01T16:19:32.956Z] GET http://localhost:5173/src/components/Publications.tsx?t=1785601172882 → 200 (62ms, 15915B)
[2026-08-01T16:19:32.956Z] GET http://localhost:5173/src/components/News.tsx?t=1785601172882 → 200 (61ms, 21865B)
[2026-08-01T16:19:32.958Z] GET http://localhost:5173/src/components/Skills.tsx?t=1785601172882 → 200 (59ms, 19227B)
[2026-08-01T16:19:32.958Z] GET http://localhost:5173/src/components/Experience.tsx?t=1785601172882 → 200 (59ms, 30940B)
[2026-08-01T16:19:32.958Z] GET http://localhost:5173/src/components/Hero.tsx?t=1785601172882 → 200 (60ms, 58449B)
[2026-08-01T16:19:32.958Z] GET http://localhost:5173/src/components/Projects.tsx?t=1785601172882 → 200 (60ms, 84471B)
[2026-08-01T16:19:32.958Z] GET http://localhost:5173/src/components/CurrentWork.tsx?t=1785601172882 → 200 (63ms, 63696B)
[2026-08-01T16:19:33.021Z] GET http://localhost:5173/src/data/content.ts?t=1785601172882 → 200 (13ms, 69716B)
[2026-08-01T16:19:33.227Z] GET http://localhost:5173/images/stellar-cyber-logo.png → 200 (10ms, 5857B)
[2026-08-01T16:19:54.258Z] GET http://localhost:5173/src/components/Navbar.tsx?t=1785601194252 → 200 (9ms, 23715B)
[2026-08-01T16:19:54.258Z] GET http://localhost:5173/src/components/Education.tsx?t=1785601194252 → 200 (9ms, 31438B)
[2026-08-01T16:19:54.258Z] GET http://localhost:5173/src/components/Footer.tsx?t=1785601194252 → 200 (14ms, 23111B)
[2026-08-01T16:19:54.258Z] GET http://localhost:5173/src/components/Publications.tsx?t=1785601194252 → 200 (24ms, 15915B)
[2026-08-01T16:19:54.258Z] GET http://localhost:5173/src/components/News.tsx?t=1785601194252 → 200 (24ms, 21865B)
[2026-08-01T16:19:54.258Z] GET http://localhost:5173/src/components/Skills.tsx?t=1785601194252 → 200 (28ms, 19227B)
[2026-08-01T16:19:54.258Z] GET http://localhost:5173/src/components/Experience.tsx?t=1785601194252 → 200 (12ms, 30940B)
[2026-08-01T16:19:54.258Z] GET http://localhost:5173/src/components/Hero.tsx?t=1785601194252 → 200 (93ms, 58444B)
[2026-08-01T16:19:54.258Z] GET http://localhost:5173/src/components/Projects.tsx?t=1785601194252 → 200 (23ms, 84471B)
[2026-08-01T16:19:54.258Z] GET http://localhost:5173/src/components/CurrentWork.tsx?t=1785601194252 → 200 (24ms, 63696B)
[2026-08-01T16:19:54.267Z] GET http://localhost:5173/src/data/content.ts?t=1785601194252 → 200 (56ms, 69716B)
[2026-08-01T16:19:54.354Z] GET http://localhost:5173/src/components/Hero.tsx?t=1785601194255 → 200 (3ms, 58444B)
[2026-08-01T16:19:54.467Z] GET http://localhost:5173/images/trace-cover.png → 200 (5ms, 105344B)
[2026-08-01T16:19:54.467Z] GET http://localhost:5173/images/hawaii-hilo-logo.png → 200 (4ms, 183730B)
[2026-08-01T16:20:55.122Z] GET http://localhost:5173/ → 200 (16ms, 2527B)
[2026-08-01T16:20:55.176Z] POST https://region1.google-analytics.com/g/collect?v=2&tid=G-2XLMZ0T77H&gtm=45je67t1v9247131075za200zd9247131075&_p=1785600793936&gcd=13l3l3l2l1l1&npa=1&dma_cps=a&dma=1&_eu=AAAAAAQ&are=1&cid=183504548.1785599271&frm=0&ngs=1&pscdl=noapi&rcb=17&sr=1440x950&uaa=arm&uab=64&uafvl=Not%253AA-Brand%3B99.0.0.0%7CHeadlessChrome%3B145.0.7632.6%7CChromium%3B145.0.7632.6&uam=&uamb=0&uap=macOS&uapv=26.2.0&uaw=0&ul=en-us&_s=3&tag_exp=115616985~115938465~115938468~118395333~118897920~118897930~119896802&sid=1785599270&sct=1&seg=1&dl=http%3A%2F%2Flocalhost%2F&dt=Kostadin%20Devedzhiev%20%E2%80%94%20Human%E2%80%93AI%20Orchestration&en=user_engagement&_et=461165&tfd=461353 → pending (?ms, ?B)
[2026-08-01T16:20:55.193Z] GET http://localhost:5173/@vite/client → 200 (9ms, 178940B)
[2026-08-01T16:20:55.193Z] GET https://www.googletagmanager.com/gtag/js?id=G-2XLMZ0T77H → pending (?ms, ?B)
[2026-08-01T16:20:55.193Z] GET http://localhost:5173/src/main.tsx?t=1785601194255 → 200 (9ms, 1424B)
[2026-08-01T16:20:55.204Z] GET http://localhost:5173/@react-refresh → 200 (9ms, 111894B)
[2026-08-01T16:20:55.210Z] GET http://localhost:5173/node_modules/.vite/deps/react_jsx-dev-runtime.js?v=1f6a80b5 → 200 (4ms, 12375B)
[2026-08-01T16:20:55.210Z] GET http://localhost:5173/node_modules/.vite/deps/react-dom_client.js?v=1f6a80b5 → 200 (4ms, 1946B)
[2026-08-01T16:20:55.210Z] GET http://localhost:5173/src/index.css → 200 (10ms, 5005B)
[2026-08-01T16:20:55.210Z] GET http://localhost:5173/src/App.tsx?t=1785601194255 → 200 (7ms, 22984B)
[2026-08-01T16:20:55.210Z] GET http://localhost:5173/node_modules/vite/dist/client/env.mjs → 200 (13ms, 3478B)
[2026-08-01T16:20:55.214Z] GET http://localhost:5173/node_modules/.vite/deps/chunk-RY7GF66K.js?v=1f6a80b5 → 200 (9ms, 45564B)
[2026-08-01T16:20:55.214Z] GET http://localhost:5173/node_modules/.vite/deps/chunk-G3PMV62Z.js?v=1f6a80b5 → 200 (5ms, 7968B)
[2026-08-01T16:20:55.214Z] GET http://localhost:5173/node_modules/.vite/deps/chunk-A7TE6BYH.js?v=1f6a80b5 → 200 (13ms, 993650B)
[2026-08-01T16:20:55.216Z] GET http://localhost:5173/node_modules/.vite/deps/chunk-GUQHL3N7.js?v=1f6a80b5 → 200 (7ms, 11879B)
[2026-08-01T16:20:55.216Z] GET http://localhost:5173/node_modules/.vite/deps/chunk-IWOBEF4E.js?v=1f6a80b5 → 200 (7ms, 16214B)
[2026-08-01T16:20:55.220Z] GET http://localhost:5173/node_modules/.vite/deps/react.js?v=1f6a80b5 → 200 (4ms, 1024B)
[2026-08-01T16:20:55.220Z] GET http://localhost:5173/node_modules/.vite/deps/@mui_material.js?v=1f6a80b5 → 200 (29ms, 1529410B)
[2026-08-01T16:20:55.220Z] GET http://localhost:5173/src/components/Navbar.tsx?t=1785601194252 → 200 (4ms, 23715B)
[2026-08-01T16:20:55.221Z] GET http://localhost:5173/src/components/Hero.tsx?t=1785601194255 → 200 (3ms, 58444B)
[2026-08-01T16:20:55.223Z] GET http://localhost:5173/src/components/News.tsx?t=1785601194252 → 200 (1ms, 21865B)
[2026-08-01T16:20:55.223Z] GET http://localhost:5173/src/components/CurrentWork.tsx?t=1785601194252 → 200 (1ms, 63696B)
[2026-08-01T16:20:55.223Z] GET http://localhost:5173/src/components/Projects.tsx?t=1785601194252 → 200 (2ms, 84471B)
[2026-08-01T16:20:55.223Z] GET http://localhost:5173/src/components/Publications.tsx?t=1785601194252 → 200 (1ms, 15915B)
[2026-08-01T16:20:55.223Z] GET http://localhost:5173/src/components/Education.tsx?t=1785601194252 → 200 (2ms, 31438B)
[2026-08-01T16:20:55.223Z] GET http://localhost:5173/src/components/Skills.tsx?t=1785601194252 → 200 (2ms, 19227B)
[2026-08-01T16:20:55.223Z] GET http://localhost:5173/src/components/Experience.tsx?t=1785601194252 → 200 (2ms, 30940B)
[2026-08-01T16:20:55.223Z] GET http://localhost:5173/src/components/Footer.tsx?t=1785601194252 → 200 (2ms, 23111B)
[2026-08-01T16:20:55.225Z] GET http://localhost:5173/node_modules/.vite/deps/@mui_icons-material_Menu.js?v=1f6a80b5 → 200 (25ms, 929B)
[2026-08-01T16:20:55.225Z] GET http://localhost:5173/src/data/content.ts?t=1785601194252 → 200 (29ms, 69716B)
[2026-08-01T16:20:55.225Z] GET http://localhost:5173/node_modules/.vite/deps/@mui_icons-material_GitHub.js?v=1f6a80b5 → 200 (25ms, 1434B)
[2026-08-01T16:20:55.225Z] GET http://localhost:5173/node_modules/.vite/deps/@mui_icons-material_LinkedIn.js?v=1f6a80b5 → 200 (25ms, 1332B)
[2026-08-01T16:20:55.225Z] GET http://localhost:5173/node_modules/.vite/deps/@mui_icons-material_Code.js?v=1f6a80b5 → 200 (25ms, 964B)
[2026-08-01T16:20:55.225Z] GET http://localhost:5173/node_modules/.vite/deps/@mui_icons-material_School.js?v=1f6a80b5 → 200 (25ms, 962B)
[2026-08-01T16:20:55.225Z] GET http://localhost:5173/node_modules/.vite/deps/@mui_material_SvgIcon.js?v=1f6a80b5 → 200 (25ms, 2745B)
[2026-08-01T16:20:55.225Z] GET http://localhost:5173/node_modules/.vite/deps/@mui_icons-material_ContentCopy.js?v=1f6a80b5 → 200 (26ms, 1046B)
[2026-08-01T16:20:55.225Z] GET http://localhost:5173/node_modules/.vite/deps/@mui_icons-material_LocationOn.js?v=1f6a80b5 → 200 (26ms, 1072B)
[2026-08-01T16:20:55.225Z] GET http://localhost:5173/node_modules/.vite/deps/@mui_icons-material_Check.js?v=1f6a80b5 → 200 (26ms, 944B)
[2026-08-01T16:20:55.225Z] GET http://localhost:5173/src/components/RoutingDiagram.tsx → 200 (30ms, 43267B)
[2026-08-01T16:20:55.225Z] GET http://localhost:5173/node_modules/.vite/deps/@mui_icons-material_DescriptionOutlined.js?v=1f6a80b5 → 200 (26ms, 1069B)
[2026-08-01T16:20:55.225Z] GET http://localhost:5173/node_modules/.vite/deps/@mui_icons-material_SlideshowOutlined.js?v=1f6a80b5 → 200 (28ms, 1054B)
[2026-08-01T16:20:55.225Z] GET http://localhost:5173/src/components/SectionHeader.tsx → 200 (32ms, 7675B)
[2026-08-01T16:20:55.225Z] GET http://localhost:5173/node_modules/.vite/deps/@mui_icons-material_Language.js?v=1f6a80b5 → 200 (28ms, 1680B)
[2026-08-01T16:20:55.225Z] GET http://localhost:5173/node_modules/.vite/deps/@mui_icons-material_MenuBook.js?v=1f6a80b5 → 200 (28ms, 1691B)
[2026-08-01T16:20:55.225Z] GET http://localhost:5173/node_modules/.vite/deps/@mui_icons-material_Image.js?v=1f6a80b5 → 200 (28ms, 1006B)
[2026-08-01T16:20:55.226Z] GET http://localhost:5173/node_modules/.vite/deps/@mui_icons-material_Slideshow.js?v=1f6a80b5 → 200 (27ms, 1014B)
[2026-08-01T16:20:55.226Z] GET http://localhost:5173/node_modules/.vite/deps/@mui_icons-material_AutoStories.js?v=1f6a80b5 → 200 (27ms, 1244B)
[2026-08-01T16:20:55.226Z] GET http://localhost:5173/node_modules/.vite/deps/@mui_icons-material_ChevronLeft.js?v=1f6a80b5 → 200 (27ms, 970B)
[2026-08-01T16:20:55.226Z] GET http://localhost:5173/node_modules/.vite/deps/@mui_icons-material_ChevronRight.js?v=1f6a80b5 → 200 (28ms, 976B)
[2026-08-01T16:20:55.226Z] GET http://localhost:5173/src/components/SkillCovariance.tsx?t=1785599720007 → 200 (31ms, 26601B)
[2026-08-01T16:20:55.226Z] GET http://localhost:5173/src/components/SkillPipeline.tsx?t=1785599767212 → 200 (31ms, 46394B)
[2026-08-01T16:20:55.226Z] GET http://localhost:5173/node_modules/.vite/deps/@mui_icons-material_Article.js?v=1f6a80b5 → 200 (28ms, 1019B)
[2026-08-01T16:20:55.226Z] GET http://localhost:5173/node_modules/.vite/deps/@mui_icons-material_KeyboardArrowDown.js?v=1f6a80b5 → 200 (28ms, 1000B)
[2026-08-01T16:20:55.226Z] GET http://localhost:5173/node_modules/.vite/deps/@mui_icons-material_Description.js?v=1f6a80b5 → 200 (28ms, 1039B)
[2026-08-01T16:20:55.226Z] GET http://localhost:5173/node_modules/.vite/deps/@mui_icons-material_Summarize.js?v=1f6a80b5 → 200 (28ms, 1158B)
[2026-08-01T16:20:55.226Z] GET http://localhost:5173/node_modules/.vite/deps/@mui_icons-material_Web.js?v=1f6a80b5 → 200 (28ms, 1006B)
[2026-08-01T16:20:55.226Z] GET http://localhost:5173/node_modules/.vite/deps/@mui_icons-material_Dns.js?v=1f6a80b5 → 200 (28ms, 1138B)
[2026-08-01T16:20:55.226Z] GET http://localhost:5173/node_modules/.vite/deps/@mui_icons-material_Storage.js?v=1f6a80b5 → 200 (29ms, 978B)
[2026-08-01T16:20:55.226Z] GET http://localhost:5173/node_modules/.vite/deps/@mui_icons-material_BarChart.js?v=1f6a80b5 → 200 (29ms, 949B)
[2026-08-01T16:20:55.226Z] GET http://localhost:5173/node_modules/.vite/deps/@mui_icons-material_Psychology.js?v=1f6a80b5 → 200 (29ms, 1751B)
[2026-08-01T16:20:55.226Z] GET http://localhost:5173/node_modules/.vite/deps/@mui_icons-material_SmartToy.js?v=1f6a80b5 → 200 (31ms, 1243B)
[2026-08-01T16:20:55.226Z] GET http://localhost:5173/node_modules/.vite/deps/@mui_icons-material_Cloud.js?v=1f6a80b5 → 200 (31ms, 1046B)
[2026-08-01T16:20:55.227Z] GET http://localhost:5173/node_modules/.vite/deps/@mui_icons-material_OpenInNew.js?v=1f6a80b5 → 200 (30ms, 1040B)
[2026-08-01T16:20:55.227Z] GET http://localhost:5173/node_modules/.vite/deps/@mui_icons-material_KeyboardArrowUp.js?v=1f6a80b5 → 200 (30ms, 991B)
[2026-08-01T16:20:55.250Z] GET http://localhost:5173/node_modules/.vite/deps/chunk-UY2RUKTB.js?v=1f6a80b5 → 200 (7ms, 13129B)
[2026-08-01T16:20:55.250Z] GET http://localhost:5173/node_modules/.vite/deps/chunk-5U35SIGV.js?v=1f6a80b5 → 200 (8ms, 335110B)
[2026-08-01T16:20:55.250Z] GET http://localhost:5173/node_modules/.vite/deps/chunk-EQCCHGRT.js?v=1f6a80b5 → 200 (8ms, 425B)
[2026-08-01T16:20:55.250Z] GET http://localhost:5173/node_modules/.vite/deps/chunk-GSJHEFGA.js?v=1f6a80b5 → 200 (8ms, 33795B)
[2026-08-01T16:20:55.250Z] GET http://localhost:5173/node_modules/.vite/deps/chunk-7HXCKB66.js?v=1f6a80b5 → 200 (8ms, 12731B)
[2026-08-01T16:20:55.251Z] GET http://localhost:5173/node_modules/.vite/deps/chunk-C6WWHQR7.js?v=1f6a80b5 → 200 (7ms, 191B)
[2026-08-01T16:20:55.275Z] GET https://fonts.googleapis.com/css2?family=Space+Grotesk:wght@400;500;600;700&family=Inter:ital,opsz,wght@0,14..32,300..700;1,14..32,400&family=IBM+Plex+Mono:wght@400;500;600&display=swap → 200 (?ms, 16070B)
[2026-08-01T16:20:55.276Z] GET https://fonts.gstatic.com/s/ibmplexmono/v20/-F63fjptAgt5VM-kVkqdyU8n1i8q131nj-o.woff2 → 200 (?ms, ?B)
[2026-08-01T16:20:55.276Z] GET https://fonts.gstatic.com/s/ibmplexmono/v20/-F6qfjptAgt5VM-kVkqdyU8n3twJwlBFgsAXHNk.woff2 → 200 (1ms, ?B)
[2026-08-01T16:20:55.277Z] GET https://fonts.gstatic.com/s/ibmplexmono/v20/-F6qfjptAgt5VM-kVkqdyU8n3vAOwlBFgsAXHNk.woff2 → 200 (?ms, ?B)
[2026-08-01T16:20:55.277Z] GET https://fonts.gstatic.com/s/inter/v20/UcC53FwrK3iLTcvneQg7B5iqpJlhKnPCkaL5UUMbndwV.woff2 → 200 (?ms, ?B)
[2026-08-01T16:20:55.278Z] GET https://fonts.gstatic.com/s/inter/v20/UcCo3FwrK3iLTcviYwYZ8UA3.woff2 → 200 (?ms, ?B)
[2026-08-01T16:20:55.278Z] GET https://fonts.gstatic.com/s/spacegrotesk/v22/V8mDoQDjQSkFtoMM3T6r8E7mPbF4C_k3HqU.woff2 → 200 (?ms, ?B)
[2026-08-01T16:20:55.495Z] GET http://localhost:5173/images/headshot.jpg → 304 (1ms, ?B)
[2026-08-01T16:20:55.495Z] GET http://localhost:5173/images/cambridge-logo.png → 304 (2ms, ?B)
[2026-08-01T16:20:55.495Z] GET http://localhost:5173/images/queens-cover.png → 304 (2ms, ?B)
[2026-08-01T16:20:55.496Z] GET http://localhost:5173/images/chia-cover.png → 200 (1ms, 21696B)
[2026-08-01T16:20:55.496Z] GET http://localhost:5173/images/trace-cover.png → 304 (1ms, ?B)
[2026-08-01T16:20:55.496Z] GET http://localhost:5173/images/stellar-cyber-logo.png → 304 (1ms, ?B)
[2026-08-01T16:20:55.496Z] GET http://localhost:5173/documents/thesis/thesis-cover.svg → 304 (1ms, ?B)
[2026-08-01T16:20:55.496Z] GET http://localhost:5173/images/tailor-cover.png → 304 (1ms, ?B)
[2026-08-01T16:20:55.496Z] GET http://localhost:5173/images/stony-brook-logo.png → 304 (1ms, ?B)
[2026-08-01T16:20:55.496Z] GET http://localhost:5173/images/hawaii-hilo-logo.png → 304 (1ms, ?B)
[2026-08-01T16:20:55.496Z] GET http://localhost:5173/images/cert-ibm-genai.png → 304 (1ms, ?B)
[2026-08-01T16:20:55.496Z] GET http://localhost:5173/images/cert-deeplearning-ai.png → 304 (1ms, ?B)
[2026-08-01T16:20:55.496Z] GET http://localhost:5173/images/vivansa-logo.png → 304 (1ms, ?B)
[2026-08-01T16:21:00.893Z] POST https://region1.google-analytics.com/g/collect?v=2&tid=G-2XLMZ0T77H&gtm=45je67t1v9247131075za200zd9247131075&_p=1785601255200&gcd=13l3l3l2l1l1&npa=1&dma_cps=a&dma=1&_eu=AAAAAAQ&are=1&cid=183504548.1785599271&frm=0&ngs=1&pscdl=noapi&rcb=8&sr=1440x950&uaa=arm&uab=64&uafvl=Not%253AA-Brand%3B99.0.0.0%7CHeadlessChrome%3B145.0.7632.6%7CChromium%3B145.0.7632.6&uam=&uamb=0&uap=macOS&uapv=26.2.0&uaw=0&ul=en-us&_s=1&tag_exp=115938465~115938469~118897920~118897930~119259606~119896802&sid=1785599270&sct=1&seg=1&dl=http%3A%2F%2Flocalhost%2F&dt=Kostadin%20Devedzhiev%20%E2%80%94%20Human%E2%80%93AI%20Orchestration&en=page_view&_ee=1&tfd=5776 → 204 (538ms, ?B)
[2026-08-01T16:21:45.888Z] GET http://localhost:5173/src/components/Education.tsx?t=1785601305868 → 200 (93ms, 31466B)
[2026-08-01T16:21:46.023Z] GET http://localhost:5173/src/components/Experience.tsx?t=1785601305876 → 200 (51ms, 30954B)
[2026-08-01T16:22:11.632Z] GET http://localhost:5173/ → 200 (9ms, 2527B)
[2026-08-01T16:22:11.649Z] POST https://region1.google-analytics.com/g/collect?v=2&tid=G-2XLMZ0T77H&gtm=45je67t1v9247131075za200zd9247131075&_p=1785601255200&gcd=13l3l3l2l1l1&npa=1&dma_cps=a&dma=1&_eu=AAAAAAQ&are=1&cid=183504548.1785599271&frm=0&ngs=1&pscdl=noapi&rcb=8&sr=1440x950&uaa=arm&uab=64&uafvl=Not%253AA-Brand%3B99.0.0.0%7CHeadlessChrome%3B145.0.7632.6%7CChromium%3B145.0.7632.6&uam=&uamb=0&uap=macOS&uapv=26.2.0&uaw=0&ul=en-us&_s=2&tag_exp=115938465~115938469~118897920~118897930~119259606~119896802&sid=1785599270&sct=1&seg=1&dl=http%3A%2F%2Flocalhost%2F&dt=Kostadin%20Devedzhiev%20%E2%80%94%20Human%E2%80%93AI%20Orchestration&en=user_engagement&_et=75754&tfd=76530 → pending (?ms, ?B)
[2026-08-01T16:22:11.653Z] GET http://localhost:5173/@vite/client → 200 (4ms, 178940B)
[2026-08-01T16:22:11.654Z] GET https://www.googletagmanager.com/gtag/js?id=G-2XLMZ0T77H → 200 (?ms, 489349B)
[2026-08-01T16:22:11.655Z] GET http://localhost:5173/src/main.tsx?t=1785601305876 → 200 (2ms, 1424B)
[2026-08-01T16:22:11.657Z] GET http://localhost:5173/@react-refresh → 200 (6ms, 111894B)
[2026-08-01T16:22:11.657Z] GET http://localhost:5173/node_modules/vite/dist/client/env.mjs → 200 (6ms, 3478B)
[2026-08-01T16:22:11.657Z] GET http://localhost:5173/node_modules/.vite/deps/react_jsx-dev-runtime.js?v=1f6a80b5 → 200 (1ms, 12375B)
[2026-08-01T16:22:11.658Z] GET http://localhost:5173/node_modules/.vite/deps/react-dom_client.js?v=1f6a80b5 → 200 (?ms, 1946B)
[2026-08-01T16:22:11.658Z] GET http://localhost:5173/src/index.css → 200 (11ms, 5005B)
[2026-08-01T16:22:11.658Z] GET http://localhost:5173/src/App.tsx?t=1785601305876 → 200 (5ms, 22984B)
[2026-08-01T16:22:11.659Z] GET http://localhost:5173/node_modules/.vite/deps/chunk-RY7GF66K.js?v=1f6a80b5 → 200 (?ms, 45564B)
[2026-08-01T16:22:11.659Z] GET http://localhost:5173/node_modules/.vite/deps/chunk-G3PMV62Z.js?v=1f6a80b5 → 200 (?ms, 7968B)
[2026-08-01T16:22:11.659Z] GET http://localhost:5173/node_modules/.vite/deps/chunk-A7TE6BYH.js?v=1f6a80b5 → 200 (2ms, 993650B)
[2026-08-01T16:22:11.661Z] GET http://localhost:5173/node_modules/.vite/deps/chunk-GUQHL3N7.js?v=1f6a80b5 → 200 (?ms, 11879B)
[2026-08-01T16:22:11.661Z] GET http://localhost:5173/node_modules/.vite/deps/chunk-IWOBEF4E.js?v=1f6a80b5 → 200 (?ms, 16214B)
[2026-08-01T16:22:11.693Z] GET http://localhost:5173/node_modules/.vite/deps/react.js?v=1f6a80b5 → 200 (?ms, 1024B)
[2026-08-01T16:22:11.694Z] GET http://localhost:5173/node_modules/.vite/deps/@mui_material.js?v=1f6a80b5 → 200 (1ms, 1529410B)
[2026-08-01T16:22:11.695Z] GET http://localhost:5173/src/components/Navbar.tsx?t=1785601194252 → 200 (1ms, 23715B)
[2026-08-01T16:22:11.695Z] GET http://localhost:5173/src/components/Hero.tsx?t=1785601194255 → 200 (1ms, 58444B)
[2026-08-01T16:22:11.695Z] GET http://localhost:5173/src/components/News.tsx?t=1785601194252 → 200 (2ms, 21865B)
[2026-08-01T16:22:11.695Z] GET http://localhost:5173/src/components/CurrentWork.tsx?t=1785601194252 → 200 (2ms, 63696B)
[2026-08-01T16:22:11.695Z] GET http://localhost:5173/src/components/Projects.tsx?t=1785601194252 → 200 (15ms, ?B)
[2026-08-01T16:22:11.695Z] GET http://localhost:5173/src/components/Publications.tsx?t=1785601194252 → 200 (2ms, 15915B)
[2026-08-01T16:22:11.695Z] GET http://localhost:5173/src/components/Education.tsx?t=1785601305868 → 304 (1ms, ?B)
[2026-08-01T16:22:11.695Z] GET http://localhost:5173/src/components/Skills.tsx?t=1785601194252 → 200 (3ms, 19227B)
[2026-08-01T16:22:11.695Z] GET http://localhost:5173/src/components/Experience.tsx?t=1785601305876 → 304 (2ms, ?B)
[2026-08-01T16:22:11.695Z] GET http://localhost:5173/src/components/Footer.tsx?t=1785601194252 → 200 (8ms, ?B)
[2026-08-01T16:22:11.696Z] POST https://region1.google-analytics.com/g/collect?v=2&tid=G-2XLMZ0T77H&gtm=45je67t1v9247131075za200zd9247131075&_p=1785601331650&gcd=13l3l3l2l1l1&npa=1&dma_cps=a&dma=1&_eu=AAAAAAQ&are=1&cid=183504548.1785599271&frm=0&ngs=1&pscdl=noapi&rcb=17&sr=1440x950&uaa=arm&uab=64&uafvl=Not%253AA-Brand%3B99.0.0.0%7CHeadlessChrome%3B145.0.7632.6%7CChromium%3B145.0.7632.6&uam=&uamb=0&uap=macOS&uapv=26.2.0&uaw=0&ul=en-us&_s=1&tag_exp=115616986~115938465~115938469~118897920~118897930~119896803~120222307&sid=1785599270&sct=1&seg=1&dl=http%3A%2F%2Flocalhost%2F&dt=Kostadin%20Devedzhiev%20%E2%80%94%20Human%E2%80%93AI%20Orchestration&en=page_view&_ee=1&tfd=56 → pending (?ms, ?B)
[2026-08-01T16:22:11.696Z] GET http://localhost:5173/node_modules/.vite/deps/chunk-UY2RUKTB.js?v=1f6a80b5 → 200 (?ms, 13129B)
[2026-08-01T16:22:11.696Z] GET http://localhost:5173/node_modules/.vite/deps/chunk-5U35SIGV.js?v=1f6a80b5 → 200 (?ms, 335110B)
[2026-08-01T16:22:11.696Z] GET http://localhost:5173/node_modules/.vite/deps/chunk-EQCCHGRT.js?v=1f6a80b5 → 200 (?ms, 425B)
[2026-08-01T16:22:11.696Z] GET http://localhost:5173/node_modules/.vite/deps/chunk-GSJHEFGA.js?v=1f6a80b5 → 200 (?ms, 33795B)
[2026-08-01T16:22:11.696Z] GET http://localhost:5173/node_modules/.vite/deps/chunk-7HXCKB66.js?v=1f6a80b5 → 200 (?ms, 12731B)
[2026-08-01T16:22:11.698Z] GET http://localhost:5173/node_modules/.vite/deps/@mui_icons-material_Menu.js?v=1f6a80b5 → 200 (?ms, 929B)
[2026-08-01T16:22:11.698Z] GET http://localhost:5173/src/data/content.ts?t=1785601194252 → 200 (18ms, ?B)
[2026-08-01T16:22:11.698Z] GET http://localhost:5173/node_modules/.vite/deps/@mui_icons-material_OpenInNew.js?v=1f6a80b5 → 200 (?ms, 1040B)
[2026-08-01T16:22:11.698Z] GET http://localhost:5173/src/components/SectionHeader.tsx → 200 (18ms, ?B)
[2026-08-01T16:22:11.698Z] GET http://localhost:5173/node_modules/.vite/deps/@mui_icons-material_GitHub.js?v=1f6a80b5 → 200 (?ms, 1434B)
[2026-08-01T16:22:11.698Z] GET http://localhost:5173/node_modules/.vite/deps/@mui_icons-material_LinkedIn.js?v=1f6a80b5 → 200 (?ms, 1332B)
[2026-08-01T16:22:11.698Z] GET http://localhost:5173/node_modules/.vite/deps/@mui_icons-material_Code.js?v=1f6a80b5 → 200 (?ms, 964B)
[2026-08-01T16:22:11.699Z] GET http://localhost:5173/node_modules/.vite/deps/@mui_icons-material_School.js?v=1f6a80b5 → 200 (?ms, 962B)
[2026-08-01T16:22:11.699Z] GET http://localhost:5173/node_modules/.vite/deps/@mui_material_SvgIcon.js?v=1f6a80b5 → 200 (?ms, 2745B)
[2026-08-01T16:22:11.699Z] GET http://localhost:5173/node_modules/.vite/deps/@mui_icons-material_ContentCopy.js?v=1f6a80b5 → 200 (2ms, 1046B)
[2026-08-01T16:22:11.701Z] GET http://localhost:5173/node_modules/.vite/deps/@mui_icons-material_LocationOn.js?v=1f6a80b5 → 200 (?ms, 1072B)
[2026-08-01T16:22:11.701Z] GET http://localhost:5173/node_modules/.vite/deps/@mui_icons-material_Check.js?v=1f6a80b5 → 200 (?ms, 944B)
[2026-08-01T16:22:11.703Z] GET http://localhost:5173/src/components/RoutingDiagram.tsx → 200 (14ms, ?B)
[2026-08-01T16:22:11.703Z] GET http://localhost:5173/node_modules/.vite/deps/@mui_icons-material_DescriptionOutlined.js?v=1f6a80b5 → 200 (?ms, ?B)
[2026-08-01T16:22:11.703Z] GET http://localhost:5173/node_modules/.vite/deps/@mui_icons-material_SlideshowOutlined.js?v=1f6a80b5 → 200 (4ms, ?B)
[2026-08-01T16:22:11.707Z] GET http://localhost:5173/node_modules/.vite/deps/@mui_icons-material_Language.js?v=1f6a80b5 → 200 (?ms, ?B)
[2026-08-01T16:22:11.708Z] GET http://localhost:5173/node_modules/.vite/deps/@mui_icons-material_MenuBook.js?v=1f6a80b5 → 200 (1ms, ?B)
[2026-08-01T16:22:11.709Z] GET http://localhost:5173/node_modules/.vite/deps/@mui_icons-material_Image.js?v=1f6a80b5 → 200 (?ms, ?B)
[2026-08-01T16:22:11.709Z] GET http://localhost:5173/node_modules/.vite/deps/@mui_icons-material_Slideshow.js?v=1f6a80b5 → 200 (1ms, ?B)
[2026-08-01T16:22:11.710Z] GET http://localhost:5173/node_modules/.vite/deps/@mui_icons-material_AutoStories.js?v=1f6a80b5 → 200 (?ms, ?B)
[2026-08-01T16:22:11.710Z] GET http://localhost:5173/node_modules/.vite/deps/@mui_icons-material_ChevronLeft.js?v=1f6a80b5 → 200 (?ms, ?B)
[2026-08-01T16:22:11.710Z] GET http://localhost:5173/node_modules/.vite/deps/@mui_icons-material_ChevronRight.js?v=1f6a80b5 → 200 (?ms, ?B)
[2026-08-01T16:22:11.710Z] GET http://localhost:5173/src/components/SkillCovariance.tsx?t=1785599720007 → 200 (7ms, ?B)
[2026-08-01T16:22:11.710Z] GET http://localhost:5173/src/components/SkillPipeline.tsx?t=1785599767212 → 200 (7ms, ?B)
[2026-08-01T16:22:11.711Z] GET http://localhost:5173/node_modules/.vite/deps/@mui_icons-material_Article.js?v=1f6a80b5 → 200 (?ms, ?B)
[2026-08-01T16:22:11.711Z] GET http://localhost:5173/node_modules/.vite/deps/chunk-C6WWHQR7.js?v=1f6a80b5 → 200 (?ms, ?B)
[2026-08-01T16:22:11.711Z] GET http://localhost:5173/node_modules/.vite/deps/@mui_icons-material_Web.js?v=1f6a80b5 → 200 (?ms, ?B)
[2026-08-01T16:22:11.711Z] GET http://localhost:5173/node_modules/.vite/deps/@mui_icons-material_Dns.js?v=1f6a80b5 → 200 (?ms, ?B)
[2026-08-01T16:22:11.711Z] GET http://localhost:5173/node_modules/.vite/deps/@mui_icons-material_Storage.js?v=1f6a80b5 → 200 (1ms, ?B)
[2026-08-01T16:22:11.712Z] GET http://localhost:5173/node_modules/.vite/deps/@mui_icons-material_BarChart.js?v=1f6a80b5 → 200 (?ms, ?B)
[2026-08-01T16:22:11.712Z] GET http://localhost:5173/node_modules/.vite/deps/@mui_icons-material_Psychology.js?v=1f6a80b5 → 200 (?ms, ?B)
[2026-08-01T16:22:11.713Z] GET http://localhost:5173/node_modules/.vite/deps/@mui_icons-material_SmartToy.js?v=1f6a80b5 → 200 (?ms, ?B)
[2026-08-01T16:22:11.713Z] GET http://localhost:5173/node_modules/.vite/deps/@mui_icons-material_Cloud.js?v=1f6a80b5 → 200 (?ms, ?B)
[2026-08-01T16:22:11.713Z] GET http://localhost:5173/node_modules/.vite/deps/@mui_icons-material_KeyboardArrowUp.js?v=1f6a80b5 → 200 (1ms, ?B)
[2026-08-01T16:22:11.714Z] GET http://localhost:5173/node_modules/.vite/deps/@mui_icons-material_KeyboardArrowDown.js?v=1f6a80b5 → 200 (?ms, ?B)
[2026-08-01T16:22:11.714Z] GET http://localhost:5173/node_modules/.vite/deps/@mui_icons-material_Description.js?v=1f6a80b5 → 200 (1ms, ?B)
[2026-08-01T16:22:11.715Z] GET http://localhost:5173/node_modules/.vite/deps/@mui_icons-material_Summarize.js?v=1f6a80b5 → 200 (?ms, ?B)
[2026-08-01T16:22:11.719Z] GET https://fonts.googleapis.com/css2?family=Space+Grotesk:wght@400;500;600;700&family=Inter:ital,opsz,wght@0,14..32,300..700;1,14..32,400&family=IBM+Plex+Mono:wght@400;500;600&display=swap → 200 (?ms, ?B)
[2026-08-01T16:22:11.720Z] GET https://fonts.gstatic.com/s/ibmplexmono/v20/-F63fjptAgt5VM-kVkqdyU8n1i8q131nj-o.woff2 → 200 (1ms, ?B)
[2026-08-01T16:22:11.721Z] GET https://fonts.gstatic.com/s/ibmplexmono/v20/-F6qfjptAgt5VM-kVkqdyU8n3twJwlBFgsAXHNk.woff2 → 200 (?ms, ?B)
[2026-08-01T16:22:11.721Z] GET https://fonts.gstatic.com/s/ibmplexmono/v20/-F6qfjptAgt5VM-kVkqdyU8n3vAOwlBFgsAXHNk.woff2 → 200 (1ms, ?B)
[2026-08-01T16:22:11.722Z] GET https://fonts.gstatic.com/s/inter/v20/UcC53FwrK3iLTcvneQg7B5iqpJlhKnPCkaL5UUMbndwV.woff2 → 200 (?ms, ?B)
[2026-08-01T16:22:11.723Z] GET https://fonts.gstatic.com/s/inter/v20/UcCo3FwrK3iLTcviYwYZ8UA3.woff2 → 200 (?ms, ?B)
[2026-08-01T16:22:11.723Z] GET https://fonts.gstatic.com/s/spacegrotesk/v22/V8mDoQDjQSkFtoMM3T6r8E7mPbF4C_k3HqU.woff2 → 200 (?ms, ?B)
[2026-08-01T16:22:11.915Z] GET http://localhost:5173/images/headshot.jpg → 304 (5ms, ?B)
[2026-08-01T16:22:11.915Z] GET http://localhost:5173/images/cambridge-logo.png → 304 (6ms, ?B)
[2026-08-01T16:22:11.915Z] GET http://localhost:5173/images/queens-cover.png → 304 (6ms, ?B)
[2026-08-01T16:22:11.915Z] GET http://localhost:5173/images/chia-cover.png → 304 (6ms, ?B)
[2026-08-01T16:22:11.915Z] GET http://localhost:5173/images/trace-cover.png → pending (?ms, ?B)
[2026-08-01T16:22:11.915Z] GET http://localhost:5173/images/stellar-cyber-logo.png → pending (?ms, ?B)
[2026-08-01T16:22:11.916Z] GET http://localhost:5173/documents/thesis/thesis-cover.svg → pending (?ms, ?B)
[2026-08-01T16:22:11.916Z] GET http://localhost:5173/images/tailor-cover.png → pending (?ms, ?B)
[2026-08-01T16:22:11.916Z] GET http://localhost:5173/images/stony-brook-logo.png → pending (?ms, ?B)
[2026-08-01T16:22:11.916Z] GET http://localhost:5173/images/hawaii-hilo-logo.png → pending (?ms, ?B)
[2026-08-01T16:22:11.919Z] GET http://localhost:5173/images/cert-ibm-genai.png → pending (?ms, ?B)
[2026-08-01T16:22:11.919Z] GET http://localhost:5173/images/cert-deeplearning-ai.png → pending (?ms, ?B)
[2026-08-01T16:22:11.920Z] GET http://localhost:5173/images/vivansa-logo.png → pending (?ms, ?B)
[2026-08-01T16:22:16.173Z] GET http://localhost:5173/documents/papers/human-ai-collab/hapi-animated-svg.svg → 200 (15ms, 12047B)
[2026-08-01T16:22:16.690Z] POST https://region1.google-analytics.com/g/collect?v=2&tid=G-2XLMZ0T77H&gtm=45je67t1v9247131075za200zd9247131075&_p=1785601331650&gcd=13l3l3l2l1l1&npa=1&dma_cps=a&dma=1&_eu=AEAAAAQ&ae=a&are=1&cid=183504548.1785599271&frm=0&ngs=1&pscdl=noapi&rcb=17&sr=1440x950&uaa=arm&uab=64&uafvl=Not%253AA-Brand%3B99.0.0.0%7CHeadlessChrome%3B145.0.7632.6%7CChromium%3B145.0.7632.6&uam=&uamb=0&uap=macOS&uapv=26.2.0&uaw=0&ul=en-us&_s=2&tag_exp=115616986~115938465~115938469~118897920~118897930~119896803~120222307&sid=1785599270&sct=1&seg=1&dl=http%3A%2F%2Flocalhost%2F&dt=Kostadin%20Devedzhiev%20%E2%80%94%20Human%E2%80%93AI%20Orchestration&en=scroll&epn.percent_scrolled=90&_et=18&tfd=5057 → 204 (94ms, ?B)
[2026-08-01T16:23:31.573Z] GET http://localhost:5320/ → 200 (39ms, 2354B)
[2026-08-01T16:23:31.681Z] POST https://region1.google-analytics.com/g/collect?v=2&tid=G-2XLMZ0T77H&gtm=45je67t1v9247131075za200zd9247131075&_p=1785601331650&gcd=13l3l3l2l1l1&npa=1&dma_cps=a&dma=1&_eu=AAAAAAQ&are=1&cid=183504548.1785599271&frm=0&ngs=1&pscdl=noapi&rcb=17&sr=1440x950&uaa=arm&uab=64&uafvl=Not%253AA-Brand%3B99.0.0.0%7CHeadlessChrome%3B145.0.7632.6%7CChromium%3B145.0.7632.6&uam=&uamb=0&uap=macOS&uapv=26.2.0&uaw=0&ul=en-us&_s=3&tag_exp=115616986~115938465~115938469~118897920~118897930~119896803~120222307&sid=1785599270&sct=1&seg=1&dl=http%3A%2F%2Flocalhost%2F&dt=Kostadin%20Devedzhiev%20%E2%80%94%20Human%E2%80%93AI%20Orchestration&en=user_engagement&_et=79941&tfd=80027 → pending (?ms, ?B)
[2026-08-01T16:23:31.707Z] GET https://www.googletagmanager.com/gtag/js?id=G-2XLMZ0T77H → 200 (15ms, 489349B)
[2026-08-01T16:23:31.707Z] GET http://localhost:5320/assets/index-0LL5uf41.js → 200 (15ms, 524890B)
[2026-08-01T16:23:31.707Z] GET http://localhost:5320/assets/index-BHwxHIy9.css → 200 (?ms, 3128B)
[2026-08-01T16:23:31.719Z] GET https://fonts.googleapis.com/css2?family=Space+Grotesk:wght@400;500;600;700&family=Inter:ital,opsz,wght@0,14..32,300..700;1,14..32,400&family=IBM+Plex+Mono:wght@400;500;600&display=swap → 200 (1ms, 16070B)
[2026-08-01T16:23:31.849Z] GET https://fonts.gstatic.com/s/ibmplexmono/v20/-F6qfjptAgt5VM-kVkqdyU8n3vAOwlBFgsAXHNk.woff2 → 200 (3ms, 10120B)
[2026-08-01T16:23:31.849Z] GET https://fonts.gstatic.com/s/ibmplexmono/v20/-F6qfjptAgt5VM-kVkqdyU8n3twJwlBFgsAXHNk.woff2 → 200 (1ms, 10060B)
[2026-08-01T16:23:31.849Z] GET https://fonts.gstatic.com/s/spacegrotesk/v22/V8mDoQDjQSkFtoMM3T6r8E7mPbF4C_k3HqU.woff2 → 200 (2ms, 22320B)
[2026-08-01T16:23:31.849Z] GET https://fonts.gstatic.com/s/inter/v20/UcCo3FwrK3iLTcviYwYZ8UA3.woff2 → 200 (3ms, 73016B)
[2026-08-01T16:23:31.850Z] GET https://fonts.gstatic.com/s/ibmplexmono/v20/-F63fjptAgt5VM-kVkqdyU8n1i8q131nj-o.woff2 → 200 (1ms, 10052B)
[2026-08-01T16:23:31.850Z] GET https://fonts.gstatic.com/s/inter/v20/UcC53FwrK3iLTcvneQg7B5iqpJlhKnPCkaL5UUMbndwV.woff2 → 200 (1ms, 37544B)
[2026-08-01T16:23:31.850Z] GET http://localhost:5320/images/headshot.jpg → 200 (24ms, 400549B)
[2026-08-01T16:23:31.850Z] GET http://localhost:5320/images/cambridge-logo.png → 200 (23ms, 58265B)
[2026-08-01T16:23:31.850Z] GET http://localhost:5320/images/queens-cover.png → 200 (23ms, 48864B)
[2026-08-01T16:23:31.850Z] GET http://localhost:5320/images/chia-cover.png → 200 (24ms, 21696B)
[2026-08-01T16:23:31.850Z] GET http://localhost:5320/images/trace-cover.png → 200 (24ms, 105344B)
[2026-08-01T16:23:31.850Z] GET http://localhost:5320/images/stellar-cyber-logo.png → 200 (24ms, 5857B)
[2026-08-01T16:23:31.850Z] GET http://localhost:5320/documents/thesis/thesis-cover.svg → 200 (28ms, 9049B)
[2026-08-01T16:23:31.850Z] GET http://localhost:5320/images/tailor-cover.png → 200 (24ms, 317970B)
[2026-08-01T16:23:31.850Z] GET http://localhost:5320/images/stony-brook-logo.png → 200 (24ms, 49805B)
[2026-08-01T16:23:31.850Z] GET http://localhost:5320/images/hawaii-hilo-logo.png → 200 (24ms, 183730B)
[2026-08-01T16:23:31.850Z] GET http://localhost:5320/images/cert-ibm-genai.png → 200 (24ms, 176343B)
[2026-08-01T16:23:31.850Z] GET http://localhost:5320/images/cert-deeplearning-ai.png → 200 (29ms, 44291B)
[2026-08-01T16:23:31.850Z] GET http://localhost:5320/images/vivansa-logo.png → 200 (29ms, 13650B)
[2026-08-01T16:23:36.919Z] POST https://region1.google-analytics.com/g/collect?v=2&tid=G-2XLMZ0T77H&gtm=45je67t1v9247131075za200zd9247131075&_p=1785601411715&gcd=13l3l3l2l1l1&npa=1&dma_cps=a&dma=1&_eu=AAAAAAQ&are=1&cid=183504548.1785599271&frm=0&ngs=1&pscdl=noapi&rcb=17&sr=1440x950&uaa=arm&uab=64&uafvl=Not%253AA-Brand%3B99.0.0.0%7CHeadlessChrome%3B145.0.7632.6%7CChromium%3B145.0.7632.6&uam=&uamb=0&uap=macOS&uapv=26.2.0&uaw=0&ul=en-us&_s=1&tag_exp=115616986~115938465~115938469~118897920~118897930~119896802~120222307&sid=1785599270&sct=1&seg=1&dl=http%3A%2F%2Flocalhost%2F&dt=Kostadin%20Devedzhiev%20%E2%80%94%20Human%E2%80%93AI%20Orchestration&en=page_view&_ee=1&tfd=5362 → 204 (102ms, ?B)
[2026-08-01T16:28:36.650Z] GET https://kostadindev.github.io/?v=live → 200 (357ms, 2354B)
[2026-08-01T16:28:37.042Z] GET https://www.googletagmanager.com/gtag/js?id=G-2XLMZ0T77H → 200 (10ms, 489349B)
[2026-08-01T16:28:37.042Z] GET https://kostadindev.github.io/assets/index-0LL5uf41.js → pending (?ms, ?B)
[2026-08-01T16:28:37.042Z] GET https://kostadindev.github.io/assets/index-BHwxHIy9.css → 200 (248ms, 3128B)
[2026-08-01T16:28:37.097Z] POST https://region1.google-analytics.com/g/collect?v=2&tid=G-2XLMZ0T77H&gtm=45je67t1v9247131075za200zd9247131075&_p=1785601717046&gcd=13l3l3l2l1l1&npa=1&dma_cps=a&dma=1&are=1&cid=874886527.1785601717&frm=0&ngs=1&pscdl=noapi&rcb=11&sr=1440x950&uaa=arm&uab=64&uafvl=Not%253AA-Brand%3B99.0.0.0%7CHeadlessChrome%3B145.0.7632.6%7CChromium%3B145.0.7632.6&uam=&uamb=0&uap=macOS&uapv=26.2.0&uaw=0&ul=en-us&_s=1&tag_exp=115616986~115938466~115938468~118897920~118897930~119337769~119896802&sid=1785601717&sct=1&seg=0&dl=https%3A%2F%2Fkostadindev.github.io%2F%3Fv%3Dlive&dt=Kostadin%20Devedzhiev%20%E2%80%94%20Human%E2%80%93AI%20Orchestration&en=page_view&_fv=1&_nsi=1&_ss=1&_ee=1&tfd=455 → pending (?ms, ?B)
[2026-08-01T16:28:37.290Z] GET https://fonts.googleapis.com/css2?family=Space+Grotesk:wght@400;500;600;700&family=Inter:ital,opsz,wght@0,14..32,300..700;1,14..32,400&family=IBM+Plex+Mono:wght@400;500;600&display=swap → 200 (5ms, 16070B)
[2026-08-01T16:28:37.773Z] GET https://fonts.gstatic.com/s/ibmplexmono/v20/-F6qfjptAgt5VM-kVkqdyU8n3vAOwlBFgsAXHNk.woff2 → 200 (1ms, 10120B)
[2026-08-01T16:28:37.773Z] GET https://fonts.gstatic.com/s/ibmplexmono/v20/-F6qfjptAgt5VM-kVkqdyU8n3twJwlBFgsAXHNk.woff2 → 200 (1ms, 10060B)
[2026-08-01T16:28:37.773Z] GET https://fonts.gstatic.com/s/spacegrotesk/v22/V8mDoQDjQSkFtoMM3T6r8E7mPbF4C_k3HqU.woff2 → 200 (1ms, 22320B)
[2026-08-01T16:28:37.773Z] GET https://fonts.gstatic.com/s/inter/v20/UcCo3FwrK3iLTcviYwYZ8UA3.woff2 → 200 (1ms, 73016B)
[2026-08-01T16:28:37.773Z] GET https://fonts.gstatic.com/s/ibmplexmono/v20/-F63fjptAgt5VM-kVkqdyU8n1i8q131nj-o.woff2 → 200 (1ms, 10052B)
[2026-08-01T16:28:37.773Z] GET https://fonts.gstatic.com/s/inter/v20/UcC53FwrK3iLTcvneQg7B5iqpJlhKnPCkaL5UUMbndwV.woff2 → 200 (1ms, 37544B)
[2026-08-01T16:28:37.773Z] GET https://kostadindev.github.io/images/headshot.jpg → 200 (282ms, ?B)
[2026-08-01T16:28:37.774Z] GET https://kostadindev.github.io/images/cambridge-logo.png → 200 (170ms, 58265B)
[2026-08-01T16:28:37.774Z] GET https://kostadindev.github.io/images/queens-cover.png → 200 (238ms, 48864B)
[2026-08-01T16:28:37.774Z] GET https://kostadindev.github.io/images/chia-cover.png → 200 (281ms, 21696B)
[2026-08-01T16:28:37.774Z] GET https://kostadindev.github.io/images/trace-cover.png → 200 (281ms, 105344B)
[2026-08-01T16:28:37.774Z] GET https://kostadindev.github.io/images/stellar-cyber-logo.png → 200 (281ms, 5857B)
[2026-08-01T16:28:37.774Z] GET https://kostadindev.github.io/documents/thesis/thesis-cover.svg → 200 (650ms, ?B)
[2026-08-01T16:28:37.774Z] GET https://kostadindev.github.io/images/tailor-cover.png → pending (?ms, ?B)
[2026-08-01T16:28:37.774Z] GET https://kostadindev.github.io/images/stony-brook-logo.png → pending (?ms, ?B)
[2026-08-01T16:28:37.774Z] GET https://kostadindev.github.io/images/hawaii-hilo-logo.png → pending (?ms, ?B)
[2026-08-01T16:28:37.774Z] GET https://kostadindev.github.io/images/cert-ibm-genai.png → pending (?ms, ?B)
[2026-08-01T16:28:37.774Z] GET https://kostadindev.github.io/images/cert-deeplearning-ai.png → pending (?ms, ?B)
[2026-08-01T16:28:37.774Z] GET https://kostadindev.github.io/images/vivansa-logo.png → pending (?ms, ?B)
[2026-08-01T16:28:42.104Z] POST https://region1.google-analytics.com/g/collect?v=2&tid=G-2XLMZ0T77H&gtm=45je67t1v9247131075za200zd9247131075&_p=1785601717046&gcd=13l3l3l2l1l1&npa=1&dma_cps=a&dma=1&_eu=AEAAAAQ&ae=a&are=1&cid=874886527.1785601717&frm=0&ngs=1&pscdl=noapi&rcb=11&sr=1440x950&uaa=arm&uab=64&uafvl=Not%253AA-Brand%3B99.0.0.0%7CHeadlessChrome%3B145.0.7632.6%7CChromium%3B145.0.7632.6&uam=&uamb=0&uap=macOS&uapv=26.2.0&uaw=0&ul=en-us&_s=2&tag_exp=115616986~115938466~115938468~118897920~118897930~119337769~119896802&sid=1785601717&sct=1&seg=0&dl=https%3A%2F%2Fkostadindev.github.io%2F%3Fv%3Dlive&dt=Kostadin%20Devedzhiev%20%E2%80%94%20Human%E2%80%93AI%20Orchestration&en=scroll&epn.percent_scrolled=90&_et=5&tfd=5463 → 204 (224ms, ?B)
